GEN_BLD_YRS_1,GEN_BLD_YRS_2,BuildGen
Anhui-Battery_Storage-11177,2038,-0.0
Anhui-Battery_Storage-11177,2048,-0.0
Anhui-Central_PV-401,2038,0.0
Anhui-Central_PV-401,2048,481477.9398081359
Anhui-Central_PV-402,2038,0.0
Anhui-Central_PV-402,2048,8500.0
Anhui-Central_PV-403,2038,0.0
Anhui-Central_PV-403,2048,8500.0
Anhui-Central_PV-404,2038,0.0
Anhui-Central_PV-404,2048,0.0
Anhui-Central_PV_EP-ep-50012,2012,14.6
Anhui-Central_PV_EP-ep-50026,2013,31.4
Anhui-Central_PV_EP-ep-50053,2014,404.1
Anhui-Central_PV_EP-ep-50083,2015,754.3
Anhui-Central_PV_EP-ep-50112,2016,2245.2
Anhui-Central_PV_EP-ep-50143,2017,5424.9
Anhui-Central_PV_EP-ep-50173,2011,4.0
Anhui-Coal_1000_OT-12107,2038,154548.2169408764
Anhui-Coal_1000_OT-12107,2048,50755.69950688952
Anhui-Coal_1000_OT-12107_CCS,2038,0.0
Anhui-Coal_1000_OT-12107_CCS,2048,0.0
Anhui-Coal_1000_OT-12107_H2,2038,0.0
Anhui-Coal_1000_OT-12107_H2,2048,-0.0
Anhui-Coal_1000_RC-12115,2038,0.0
Anhui-Coal_1000_RC-12115,2048,0.0
Anhui-Coal_1000_RC-12115_CCS,2038,0.0
Anhui-Coal_1000_RC-12115_CCS,2048,0.0
Anhui-Coal_1000_RC-12115_H2,2038,0.0
Anhui-Coal_1000_RC-12115_H2,2048,-0.0
Anhui-Coal_1000_RC-12125,2038,0.0
Anhui-Coal_1000_RC-12125,2048,0.0
Anhui-Coal_1000_RC-12125_CCS,2038,0.0
Anhui-Coal_1000_RC-12125_CCS,2048,0.0
Anhui-Coal_1000_RC-12125_H2,2038,0.0
Anhui-Coal_1000_RC-12125_H2,2048,0.0
Anhui-Coal_100_RC-ep-1231,2005,210.0
Anhui-Coal_100_RC-ep-1233,2009,135.0
Anhui-Coal_100_RC-ep-1234,2009,135.0
Anhui-Coal_100_RC-ep-1235,2008,135.0
Anhui-Coal_100_RC-ep-1236,2007,135.0
Anhui-Coal_100_RC-ep-1237,2006,135.0
Anhui-Coal_100_RC-ep-1238,2005,135.0
Anhui-Coal_100_RC-ep-1239,1990,135.0
Anhui-Coal_100_RC-ep-1241,1990,111.0
Anhui-Coal_300_OT-12111,2038,0.0
Anhui-Coal_300_OT-12111,2048,0.0
Anhui-Coal_300_OT-12111_CCS,2038,0.0
Anhui-Coal_300_OT-12111_CCS,2048,0.0
Anhui-Coal_300_OT-12111_H2,2038,0.0
Anhui-Coal_300_OT-12111_H2,2048,0.0
Anhui-Coal_300_RC-12119,2038,0.0
Anhui-Coal_300_RC-12119,2048,0.0
Anhui-Coal_300_RC-12119_CCS,2038,0.0
Anhui-Coal_300_RC-12119_CCS,2048,0.0
Anhui-Coal_300_RC-12119_H2,2038,0.0
Anhui-Coal_300_RC-12119_H2,2048,-0.0
Anhui-Coal_300_RC-12129,2038,0.0
Anhui-Coal_300_RC-12129,2048,0.0
Anhui-Coal_300_RC-12129_CCS,2038,0.0
Anhui-Coal_300_RC-12129_CCS,2048,0.0
Anhui-Coal_300_RC-12129_H2,2038,0.0
Anhui-Coal_300_RC-12129_H2,2048,0.0
Anhui-Coal_600_OT-12109,2038,0.0
Anhui-Coal_600_OT-12109,2048,0.0
Anhui-Coal_600_OT-12109_CCS,2038,0.0
Anhui-Coal_600_OT-12109_CCS,2048,0.0
Anhui-Coal_600_OT-12109_H2,2038,0.0
Anhui-Coal_600_OT-12109_H2,2048,-0.0
Anhui-Coal_600_RC-12117,2038,0.0
Anhui-Coal_600_RC-12117,2048,0.0
Anhui-Coal_600_RC-12117_CCS,2038,0.0
Anhui-Coal_600_RC-12117_CCS,2048,0.0
Anhui-Coal_600_RC-12117_H2,2038,0.0
Anhui-Coal_600_RC-12117_H2,2048,0.0
Anhui-Coal_600_RC-12127,2038,0.0
Anhui-Coal_600_RC-12127,2048,0.0
Anhui-Coal_600_RC-12127_CCS,2038,0.0
Anhui-Coal_600_RC-12127_CCS,2048,0.0
Anhui-Coal_600_RC-12127_H2,2038,0.0
Anhui-Coal_600_RC-12127_H2,2048,0.0
Anhui-Coal_IGCC_RC-12121,2038,0.0
Anhui-Coal_IGCC_RC-12121,2048,0.0
Anhui-Coal_IGCC_RC-12121_CCS,2038,0.0
Anhui-Coal_IGCC_RC-12121_CCS,2048,0.0
Anhui-Coal_IGCC_RC-12121_H2,2038,-0.0
Anhui-Coal_IGCC_RC-12121_H2,2048,-0.0
Anhui-Coal_IGCC_RC-12131,2038,0.0
Anhui-Coal_IGCC_RC-12131,2048,0.0
Anhui-Coal_IGCC_RC-12131_CCS,2038,0.0
Anhui-Coal_IGCC_RC-12131_CCS,2048,0.0
Anhui-Coal_IGCC_RC-12131_H2,2038,0.0
Anhui-Coal_IGCC_RC-12131_H2,2048,0.0
Anhui-Coal_Small_RC-ep-1157,1990,974.6
Anhui-Coal_Small_RC-ep-1199,1990,517.35
Anhui-Coal_Small_RC-ep-1232,1990,170.0
Anhui-Coal_Small_RC-ep-1242,1990,30.0
Anhui-Commercial_PV-2,2038,0.0
Anhui-Commercial_PV-2,2048,0.0
Anhui-Commercial_PV-3,2038,0.0
Anhui-Commercial_PV-3,2048,0.0
Anhui-Commercial_PV-4,2038,0.0
Anhui-Commercial_PV-4,2048,0.0
Anhui-EP_Coal_1000_OT-ep-3093,2018,1000.0
Anhui-EP_Coal_1000_RC-ep-1152,2011,1050.0
Anhui-EP_Coal_1000_RC-ep-1153,2015,1000.0
Anhui-EP_Coal_1000_RC-ep-1154,2015,1000.0
Anhui-EP_Coal_1000_RC-ep-1155,2015,1000.0
Anhui-EP_Coal_1000_RC-ep-1156,2015,1000.0
Anhui-EP_Coal_1000_RC-ep-3094,2017,1000.0
Anhui-EP_Coal_1000_RC-ep-3095,2017,1000.0
Anhui-EP_Coal_1000_RC-ep-3096,2017,1000.0
Anhui-EP_Coal_300_OT-ep-1206,2006,330.0
Anhui-EP_Coal_300_OT-ep-1207,2006,330.0
Anhui-EP_Coal_300_OT-ep-1208,1996,330.0
Anhui-EP_Coal_300_OT-ep-1209,1996,330.0
Anhui-EP_Coal_300_OT-ep-1218,2005,320.0
Anhui-EP_Coal_300_OT-ep-1219,2005,320.0
Anhui-EP_Coal_300_OT-ep-1220,2005,320.0
Anhui-EP_Coal_300_OT-ep-1221,2005,320.0
Anhui-EP_Coal_300_RC-ep-1200,2012,350.0
Anhui-EP_Coal_300_RC-ep-1201,2012,350.0
Anhui-EP_Coal_300_RC-ep-1202,2001,350.0
Anhui-EP_Coal_300_RC-ep-1203,2000,350.0
Anhui-EP_Coal_300_RC-ep-1204,2012,330.0
Anhui-EP_Coal_300_RC-ep-1205,2011,330.0
Anhui-EP_Coal_300_RC-ep-1210,1986,320.0
Anhui-EP_Coal_300_RC-ep-1211,1986,320.0
Anhui-EP_Coal_300_RC-ep-1212,2000,320.0
Anhui-EP_Coal_300_RC-ep-1213,2000,320.0
Anhui-EP_Coal_300_RC-ep-1214,2009,320.0
Anhui-EP_Coal_300_RC-ep-1215,2009,320.0
Anhui-EP_Coal_300_RC-ep-1216,1990,320.0
Anhui-EP_Coal_300_RC-ep-1217,1990,320.0
Anhui-EP_Coal_300_RC-ep-1222,2005,300.0
Anhui-EP_Coal_300_RC-ep-1223,1996,300.0
Anhui-EP_Coal_300_RC-ep-1224,2012,300.0
Anhui-EP_Coal_300_RC-ep-1225,2012,300.0
Anhui-EP_Coal_300_RC-ep-1226,1999,300.0
Anhui-EP_Coal_300_RC-ep-1227,1999,300.0
Anhui-EP_Coal_300_RC-ep-1228,2013,300.0
Anhui-EP_Coal_300_RC-ep-1229,2013,300.0
Anhui-EP_Coal_600_OT-ep-1168,2008,660.0
Anhui-EP_Coal_600_OT-ep-1169,2008,660.0
Anhui-EP_Coal_600_OT-ep-1170,2008,660.0
Anhui-EP_Coal_600_OT-ep-1171,2008,660.0
Anhui-EP_Coal_600_OT-ep-1172,2012,660.0
Anhui-EP_Coal_600_OT-ep-1173,2012,660.0
Anhui-EP_Coal_600_OT-ep-1174,2011,660.0
Anhui-EP_Coal_600_OT-ep-1175,2010,660.0
Anhui-EP_Coal_600_OT-ep-1194,2008,630.0
Anhui-EP_Coal_600_OT-ep-1195,2008,630.0
Anhui-EP_Coal_600_RC-ep-1158,2015,660.0
Anhui-EP_Coal_600_RC-ep-1159,2013,660.0
Anhui-EP_Coal_600_RC-ep-1160,2013,660.0
Anhui-EP_Coal_600_RC-ep-1161,2014,660.0
Anhui-EP_Coal_600_RC-ep-1162,2013,660.0
Anhui-EP_Coal_600_RC-ep-1163,2014,660.0
Anhui-EP_Coal_600_RC-ep-1164,2013,660.0
Anhui-EP_Coal_600_RC-ep-1165,2014,660.0
Anhui-EP_Coal_600_RC-ep-1166,2014,660.0
Anhui-EP_Coal_600_RC-ep-1167,2015,660.0
Anhui-EP_Coal_600_RC-ep-1176,2006,640.0
Anhui-EP_Coal_600_RC-ep-1177,2006,640.0
Anhui-EP_Coal_600_RC-ep-1178,2007,640.0
Anhui-EP_Coal_600_RC-ep-1179,2007,640.0
Anhui-EP_Coal_600_RC-ep-1180,2007,640.0
Anhui-EP_Coal_600_RC-ep-1181,2007,640.0
Anhui-EP_Coal_600_RC-ep-1182,2007,630.0
Anhui-EP_Coal_600_RC-ep-1183,2007,630.0
Anhui-EP_Coal_600_RC-ep-1184,2007,630.0
Anhui-EP_Coal_600_RC-ep-1185,2007,630.0
Anhui-EP_Coal_600_RC-ep-1186,2009,630.0
Anhui-EP_Coal_600_RC-ep-1187,2008,630.0
Anhui-EP_Coal_600_RC-ep-1188,2007,630.0
Anhui-EP_Coal_600_RC-ep-1189,2007,630.0
Anhui-EP_Coal_600_RC-ep-1190,2008,630.0
Anhui-EP_Coal_600_RC-ep-1191,2008,630.0
Anhui-EP_Coal_600_RC-ep-1192,1990,630.0
Anhui-EP_Coal_600_RC-ep-1193,1990,630.0
Anhui-EP_Coal_600_RC-ep-1196,2008,600.0
Anhui-EP_Coal_600_RC-ep-1197,2008,600.0
Anhui-EP_Coal_600_RC-ep-1198,2008,600.0
Anhui-EP_Coal_600_RC-ep-3097,2017,660.0
Anhui-EP_Coal_600_RC-ep-3098,2017,660.0
Anhui-EP_Coal_600_RC-ep-3099,2018,660.0
Anhui-EP_Coal_600_RC-ep-3100,2018,660.0
Anhui-Gas_CCGT_OT-12113,2038,0.0
Anhui-Gas_CCGT_OT-12113,2048,0.0
Anhui-Gas_CCGT_RC-12123,2038,0.0
Anhui-Gas_CCGT_RC-12123,2048,0.0
Anhui-Gas_CCGT_RC-12133,2038,0.0
Anhui-Gas_CCGT_RC-12133,2048,0.0
Anhui-Gas_Combustion_Turbine_RC-13107,2038,0.0
Anhui-Gas_Combustion_Turbine_RC-13107,2048,0.0
Anhui-Hydro_NonPumped-ep-30001,1981,14.35
Anhui-Hydro_NonPumped-ep-30032,1982,9.18
Anhui-Hydro_NonPumped-ep-30063,1983,10.7
Anhui-Hydro_NonPumped-ep-30094,1984,12.84
Anhui-Hydro_NonPumped-ep-30125,1985,7.31
Anhui-Hydro_NonPumped-ep-30156,1986,9.98
Anhui-Hydro_NonPumped-ep-30187,1987,23.62
Anhui-Hydro_NonPumped-ep-30218,1988,22.38
Anhui-Hydro_NonPumped-ep-30249,1989,16.76
Anhui-Hydro_NonPumped-ep-30280,1990,13.1
Anhui-Hydro_NonPumped-ep-30311,1991,16.31
Anhui-Hydro_NonPumped-ep-30342,1992,24.96
Anhui-Hydro_NonPumped-ep-30373,1993,34.86
Anhui-Hydro_NonPumped-ep-30404,1994,39.85
Anhui-Hydro_NonPumped-ep-30435,1995,27.81
Anhui-Hydro_NonPumped-ep-30466,1996,30.31
Anhui-Hydro_NonPumped-ep-30497,1997,37.0
Anhui-Hydro_NonPumped-ep-30528,1998,47.52
Anhui-Hydro_NonPumped-ep-30605,2001,25.88
Anhui-Hydro_NonPumped-ep-30628,2002,40.31
Anhui-Hydro_NonPumped-ep-30651,2003,33.81
Anhui-Hydro_NonPumped-ep-30674,2004,40.0
Anhui-Hydro_NonPumped-ep-30722,2005,50.0
Anhui-Hydro_NonPumped-ep-30745,2006,260.0
Anhui-Hydro_NonPumped-ep-30768,2007,510.0
Anhui-Hydro_NonPumped-ep-30792,2008,50.0
Anhui-Hydro_NonPumped-ep-30812,2009,60.0
Anhui-Hydro_NonPumped-ep-30837,2010,70.0
Anhui-Hydro_NonPumped-ep-30866,2012,773.3
Anhui-Hydro_NonPumped-ep-30903,2015,33.2
Anhui-Hydro_NonPumped-ep-30915,2016,40.6
Anhui-Hydro_NonPumped-ep-30934,2013,41.3
Anhui-Hydro_NonPumped-ep-30947,2017,148.9
Anhui-Hydro_NonPumped-ep-30975,2014,62.5
Anhui-Hydro_NonPumped-ep-30994,2011,311.8
Anhui-Hydro_Pumped-ep-35020,2000,80.0
Anhui-Hydro_Pumped-ep-35027,2007,600.0
Anhui-Hydro_Pumped-ep-35039,2020,1800.0
Anhui-Hydro_Pumped-ep-35040,2020,1200.0
Anhui-Nuclear_SMR-13106,2038,2350.0
Anhui-Nuclear_SMR-13106,2048,-0.0
Anhui-Residential_PV-201,2038,0.0
Anhui-Residential_PV-201,2048,0.0
Anhui-Residential_PV-202,2038,0.0
Anhui-Residential_PV-202,2048,0.0
Anhui-Residential_PV-203,2038,0.0
Anhui-Residential_PV-203,2048,0.0
Anhui-Residential_PV-204,2038,0.0
Anhui-Residential_PV-204,2048,0.0
Anhui-Wind-1081,2038,-0.0
Anhui-Wind-1081,2048,1806.0
Anhui-Wind-1082,2038,-0.0
Anhui-Wind-1082,2048,1806.0
Anhui-Wind-1083,2038,-0.0
Anhui-Wind-1083,2048,1806.0
Anhui-Wind-1155,2038,-0.0
Anhui-Wind-1155,2048,1806.0
Anhui-Wind-1158,2038,-0.0
Anhui-Wind-1158,2048,1806.0
Anhui-Wind_EP-ep-40078,2012,97.5
Anhui-Wind_EP-ep-40103,2013,196.5
Anhui-Wind_EP-ep-40131,2014,330.8
Anhui-Wind_EP-ep-40160,2015,532.4
Anhui-Wind_EP-ep-40186,2016,411.4
Anhui-Wind_EP-ep-40214,2017,407.4
Anhui-Wind_EP-ep-40256,2011,198.0
Anhui_Fuel_Cell,2038,0.0
Anhui_Fuel_Cell,2048,0.0
Fujian-Battery_Storage-11178,2038,-0.0
Fujian-Battery_Storage-11178,2048,9646.643472305099
Fujian-Central_PV-407,2038,0.0
Fujian-Central_PV-407,2048,0.0
Fujian-Central_PV-408,2038,0.0
Fujian-Central_PV-408,2048,0.0
Fujian-Central_PV-409,2038,14010.83478552494
Fujian-Central_PV-409,2048,32655.83188447506
Fujian-Central_PV-410,2038,-0.0
Fujian-Central_PV-410,2048,0.0
Fujian-Central_PV-411,2038,46666.66667
Fujian-Central_PV-411,2048,0.0
Fujian-Central_PV-600,2038,22713.63016703761
Fujian-Central_PV-600,2048,0.0
Fujian-Central_PV_EP-ep-50028,2013,26.3
Fujian-Central_PV_EP-ep-50057,2014,57.1
Fujian-Central_PV_EP-ep-50086,2015,46.0
Fujian-Central_PV_EP-ep-50116,2016,145.4
Fujian-Central_PV_EP-ep-50147,2017,649.5
Fujian-Central_PV_EP-ep-50175,2011,3.7
Fujian-Coal_1000_OT-12153,2038,0.0
Fujian-Coal_1000_OT-12153,2048,3057.354636722886
Fujian-Coal_1000_OT-12153_CCS,2038,0.0
Fujian-Coal_1000_OT-12153_CCS,2048,-0.0
Fujian-Coal_1000_OT-12153_H2,2038,-0.0
Fujian-Coal_1000_OT-12153_H2,2048,-0.0
Fujian-Coal_1000_RC-12135,2038,0.0
Fujian-Coal_1000_RC-12135,2048,-0.0
Fujian-Coal_1000_RC-12135_CCS,2038,0.0
Fujian-Coal_1000_RC-12135_CCS,2048,-0.0
Fujian-Coal_1000_RC-12135_H2,2038,0.0
Fujian-Coal_1000_RC-12135_H2,2048,-0.0
Fujian-Coal_1000_RC-12161,2038,0.0
Fujian-Coal_1000_RC-12161,2048,-0.0
Fujian-Coal_1000_RC-12161_CCS,2038,0.0
Fujian-Coal_1000_RC-12161_CCS,2048,-0.0
Fujian-Coal_1000_RC-12161_H2,2038,0.0
Fujian-Coal_1000_RC-12161_H2,2048,-0.0
Fujian-Coal_1000_RC-12171,2038,0.0
Fujian-Coal_1000_RC-12171,2048,-0.0
Fujian-Coal_1000_RC-12171_CCS,2038,0.0
Fujian-Coal_1000_RC-12171_CCS,2048,-0.0
Fujian-Coal_1000_RC-12171_H2,2038,0.0
Fujian-Coal_1000_RC-12171_H2,2048,-0.0
Fujian-Coal_1000_SEA-12145,2038,0.0
Fujian-Coal_1000_SEA-12145,2048,-0.0
Fujian-Coal_1000_SEA-12145_CCS,2038,0.0
Fujian-Coal_1000_SEA-12145_CCS,2048,-0.0
Fujian-Coal_1000_SEA-12145_H2,2038,0.0
Fujian-Coal_1000_SEA-12145_H2,2048,-0.0
Fujian-Coal_1000_SEA-12181,2038,0.0
Fujian-Coal_1000_SEA-12181,2048,0.0
Fujian-Coal_1000_SEA-12181_CCS,2038,0.0
Fujian-Coal_1000_SEA-12181_CCS,2048,-0.0
Fujian-Coal_1000_SEA-12181_H2,2038,-0.0
Fujian-Coal_1000_SEA-12181_H2,2048,-0.0
Fujian-Coal_100_RC-ep-1302,2006,135.0
Fujian-Coal_100_RC-ep-1303,2006,135.0
Fujian-Coal_100_RC-ep-1304,2006,135.0
Fujian-Coal_100_RC-ep-1305,2005,135.0
Fujian-Coal_100_RC-ep-1306,1990,110.0
Fujian-Coal_100_RC-ep-1307,2005,100.0
Fujian-Coal_300_OT-12157,2038,0.0
Fujian-Coal_300_OT-12157,2048,0.0
Fujian-Coal_300_OT-12157_CCS,2038,0.0
Fujian-Coal_300_OT-12157_CCS,2048,-0.0
Fujian-Coal_300_OT-12157_H2,2038,0.0
Fujian-Coal_300_OT-12157_H2,2048,-0.0
Fujian-Coal_300_RC-12139,2038,0.0
Fujian-Coal_300_RC-12139,2048,-0.0
Fujian-Coal_300_RC-12139_CCS,2038,0.0
Fujian-Coal_300_RC-12139_CCS,2048,-0.0
Fujian-Coal_300_RC-12139_H2,2038,0.0
Fujian-Coal_300_RC-12139_H2,2048,-0.0
Fujian-Coal_300_RC-12165,2038,0.0
Fujian-Coal_300_RC-12165,2048,-0.0
Fujian-Coal_300_RC-12165_CCS,2038,0.0
Fujian-Coal_300_RC-12165_CCS,2048,-0.0
Fujian-Coal_300_RC-12165_H2,2038,0.0
Fujian-Coal_300_RC-12165_H2,2048,-0.0
Fujian-Coal_300_RC-12175,2038,0.0
Fujian-Coal_300_RC-12175,2048,-0.0
Fujian-Coal_300_RC-12175_CCS,2038,0.0
Fujian-Coal_300_RC-12175_CCS,2048,-0.0
Fujian-Coal_300_RC-12175_H2,2038,0.0
Fujian-Coal_300_RC-12175_H2,2048,-0.0
Fujian-Coal_300_SEA-12149,2038,0.0
Fujian-Coal_300_SEA-12149,2048,-0.0
Fujian-Coal_300_SEA-12149_CCS,2038,0.0
Fujian-Coal_300_SEA-12149_CCS,2048,-0.0
Fujian-Coal_300_SEA-12149_H2,2038,0.0
Fujian-Coal_300_SEA-12149_H2,2048,-0.0
Fujian-Coal_300_SEA-12185,2038,0.0
Fujian-Coal_300_SEA-12185,2048,-0.0
Fujian-Coal_300_SEA-12185_CCS,2038,0.0
Fujian-Coal_300_SEA-12185_CCS,2048,-0.0
Fujian-Coal_300_SEA-12185_H2,2038,0.0
Fujian-Coal_300_SEA-12185_H2,2048,-0.0
Fujian-Coal_600_OT-12155,2038,0.0
Fujian-Coal_600_OT-12155,2048,-0.0
Fujian-Coal_600_OT-12155_CCS,2038,0.0
Fujian-Coal_600_OT-12155_CCS,2048,-0.0
Fujian-Coal_600_OT-12155_H2,2038,0.0
Fujian-Coal_600_OT-12155_H2,2048,-0.0
Fujian-Coal_600_RC-12137,2038,0.0
Fujian-Coal_600_RC-12137,2048,0.0
Fujian-Coal_600_RC-12137_CCS,2038,0.0
Fujian-Coal_600_RC-12137_CCS,2048,-0.0
Fujian-Coal_600_RC-12137_H2,2038,0.0
Fujian-Coal_600_RC-12137_H2,2048,-0.0
Fujian-Coal_600_RC-12163,2038,0.0
Fujian-Coal_600_RC-12163,2048,0.0
Fujian-Coal_600_RC-12163_CCS,2038,0.0
Fujian-Coal_600_RC-12163_CCS,2048,-0.0
Fujian-Coal_600_RC-12163_H2,2038,0.0
Fujian-Coal_600_RC-12163_H2,2048,-0.0
Fujian-Coal_600_RC-12173,2038,0.0
Fujian-Coal_600_RC-12173,2048,-0.0
Fujian-Coal_600_RC-12173_CCS,2038,0.0
Fujian-Coal_600_RC-12173_CCS,2048,-0.0
Fujian-Coal_600_RC-12173_H2,2038,0.0
Fujian-Coal_600_RC-12173_H2,2048,-0.0
Fujian-Coal_600_SEA-12147,2038,0.0
Fujian-Coal_600_SEA-12147,2048,0.0
Fujian-Coal_600_SEA-12147_CCS,2038,0.0
Fujian-Coal_600_SEA-12147_CCS,2048,-0.0
Fujian-Coal_600_SEA-12147_H2,2038,0.0
Fujian-Coal_600_SEA-12147_H2,2048,-0.0
Fujian-Coal_600_SEA-12183,2038,0.0
Fujian-Coal_600_SEA-12183,2048,-0.0
Fujian-Coal_600_SEA-12183_CCS,2038,0.0
Fujian-Coal_600_SEA-12183_CCS,2048,-0.0
Fujian-Coal_600_SEA-12183_H2,2038,0.0
Fujian-Coal_600_SEA-12183_H2,2048,-0.0
Fujian-Coal_IGCC_RC-12141,2038,0.0
Fujian-Coal_IGCC_RC-12141,2048,0.0
Fujian-Coal_IGCC_RC-12141_CCS,2038,0.0
Fujian-Coal_IGCC_RC-12141_CCS,2048,-0.0
Fujian-Coal_IGCC_RC-12141_H2,2038,0.0
Fujian-Coal_IGCC_RC-12141_H2,2048,-0.0
Fujian-Coal_IGCC_RC-12167,2038,0.0
Fujian-Coal_IGCC_RC-12167,2048,0.0
Fujian-Coal_IGCC_RC-12167_CCS,2038,0.0
Fujian-Coal_IGCC_RC-12167_CCS,2048,-0.0
Fujian-Coal_IGCC_RC-12167_H2,2038,0.0
Fujian-Coal_IGCC_RC-12167_H2,2048,-0.0
Fujian-Coal_IGCC_RC-12177,2038,0.0
Fujian-Coal_IGCC_RC-12177,2048,0.0
Fujian-Coal_IGCC_RC-12177_CCS,2038,0.0
Fujian-Coal_IGCC_RC-12177_CCS,2048,-0.0
Fujian-Coal_IGCC_RC-12177_H2,2038,0.0
Fujian-Coal_IGCC_RC-12177_H2,2048,-0.0
Fujian-Coal_Small_RC-ep-1248,1990,692.0
Fujian-Coal_Small_RC-ep-1289,1990,312.0
Fujian-Coal_Small_SEA-ep-1309,1990,50.0
Fujian-Commercial_PV-10,2038,0.0
Fujian-Commercial_PV-10,2048,0.0
Fujian-Commercial_PV-11,2038,0.0
Fujian-Commercial_PV-11,2048,0.0
Fujian-Commercial_PV-200,2038,0.0
Fujian-Commercial_PV-200,2048,0.0
Fujian-Commercial_PV-7,2038,0.0
Fujian-Commercial_PV-7,2048,0.0
Fujian-Commercial_PV-8,2038,0.0
Fujian-Commercial_PV-8,2048,0.0
Fujian-Commercial_PV-9,2038,0.0
Fujian-Commercial_PV-9,2048,0.0
Fujian-EP_Coal_1000_SEA-ep-1246,2015,1000.0
Fujian-EP_Coal_1000_SEA-ep-1247,2015,1000.0
Fujian-EP_Coal_1000_SEA-ep-3101,2017,1000.0
Fujian-EP_Coal_1000_SEA-ep-3102,2017,1000.0
Fujian-EP_Coal_300_OT-ep-1285,1999,350.0
Fujian-EP_Coal_300_OT-ep-1286,1999,350.0
Fujian-EP_Coal_300_OT-ep-1287,1988,350.0
Fujian-EP_Coal_300_OT-ep-1288,1988,350.0
Fujian-EP_Coal_300_RC-ep-1290,2011,300.0
Fujian-EP_Coal_300_RC-ep-1291,2011,300.0
Fujian-EP_Coal_300_RC-ep-1298,2012,300.0
Fujian-EP_Coal_300_RC-ep-1299,2011,300.0
Fujian-EP_Coal_300_RC-ep-1300,2010,300.0
Fujian-EP_Coal_300_RC-ep-1301,2009,300.0
Fujian-EP_Coal_300_SEA-ep-1272,2001,396.0
Fujian-EP_Coal_300_SEA-ep-1273,2000,396.0
Fujian-EP_Coal_300_SEA-ep-1292,2006,300.0
Fujian-EP_Coal_300_SEA-ep-1293,2005,300.0
Fujian-EP_Coal_300_SEA-ep-1294,2007,300.0
Fujian-EP_Coal_300_SEA-ep-1295,2006,300.0
Fujian-EP_Coal_300_SEA-ep-1296,1996,300.0
Fujian-EP_Coal_300_SEA-ep-1297,1995,300.0
Fujian-EP_Coal_600_OT-ep-1253,2010,660.0
Fujian-EP_Coal_600_OT-ep-1254,2010,660.0
Fujian-EP_Coal_600_SEA-ep-1249,2012,670.0
Fujian-EP_Coal_600_SEA-ep-1250,2011,670.0
Fujian-EP_Coal_600_SEA-ep-1251,2009,660.0
Fujian-EP_Coal_600_SEA-ep-1252,2009,660.0
Fujian-EP_Coal_600_SEA-ep-1255,2006,600.0
Fujian-EP_Coal_600_SEA-ep-1256,2006,600.0
Fujian-EP_Coal_600_SEA-ep-1257,2008,600.0
Fujian-EP_Coal_600_SEA-ep-1258,2008,600.0
Fujian-EP_Coal_600_SEA-ep-1259,2006,600.0
Fujian-EP_Coal_600_SEA-ep-1260,2006,600.0
Fujian-EP_Coal_600_SEA-ep-1261,2011,600.0
Fujian-EP_Coal_600_SEA-ep-1262,2011,600.0
Fujian-EP_Coal_600_SEA-ep-1263,2007,600.0
Fujian-EP_Coal_600_SEA-ep-1264,2007,600.0
Fujian-EP_Coal_600_SEA-ep-1265,2008,600.0
Fujian-EP_Coal_600_SEA-ep-1266,2004,600.0
Fujian-EP_Coal_600_SEA-ep-1267,2003,600.0
Fujian-EP_Coal_600_SEA-ep-1268,2002,600.0
Fujian-EP_Coal_600_SEA-ep-1269,2001,600.0
Fujian-EP_Coal_600_SEA-ep-1270,2000,600.0
Fujian-EP_Coal_600_SEA-ep-1271,1999,600.0
Fujian-EP_Gas_CCGT_RC-ep-1284,2008,362.0
Fujian-EP_Gas_CCGT_SEA-ep-1274,2010,393.0
Fujian-EP_Gas_CCGT_SEA-ep-1275,2009,393.0
Fujian-EP_Gas_CCGT_SEA-ep-1276,2010,386.0
Fujian-EP_Gas_CCGT_SEA-ep-1277,2010,386.0
Fujian-EP_Gas_CCGT_SEA-ep-1278,2009,386.0
Fujian-EP_Gas_CCGT_SEA-ep-1279,2008,386.0
Fujian-EP_Gas_CCGT_SEA-ep-1280,2010,382.0
Fujian-EP_Gas_CCGT_SEA-ep-1281,2010,382.0
Fujian-EP_Gas_CCGT_SEA-ep-1282,2008,382.0
Fujian-EP_Gas_CCGT_SEA-ep-1283,2008,382.0
Fujian-Gas_CCGT_OT-12159,2038,0.0
Fujian-Gas_CCGT_OT-12159,2048,0.0
Fujian-Gas_CCGT_RC-12143,2038,0.0
Fujian-Gas_CCGT_RC-12143,2048,0.0
Fujian-Gas_CCGT_RC-12169,2038,0.0
Fujian-Gas_CCGT_RC-12169,2048,0.0
Fujian-Gas_CCGT_RC-12179,2038,0.0
Fujian-Gas_CCGT_RC-12179,2048,0.0
Fujian-Gas_CCGT_SEA-12151,2038,0.0
Fujian-Gas_CCGT_SEA-12151,2048,0.0
Fujian-Gas_CCGT_SEA-12187,2038,0.0
Fujian-Gas_CCGT_SEA-12187,2048,0.0
Fujian-Gas_Combustion_Turbine_RC-13124,2038,0.0
Fujian-Gas_Combustion_Turbine_RC-13124,2048,0.0
Fujian-Hydro_NonPumped-ep-30005,1981,117.79
Fujian-Hydro_NonPumped-ep-30036,1982,75.36
Fujian-Hydro_NonPumped-ep-30067,1983,87.8
Fujian-Hydro_NonPumped-ep-30098,1984,105.36
Fujian-Hydro_NonPumped-ep-30129,1985,59.99
Fujian-Hydro_NonPumped-ep-30160,1986,81.94
Fujian-Hydro_NonPumped-ep-30191,1987,193.88
Fujian-Hydro_NonPumped-ep-30222,1988,183.64
Fujian-Hydro_NonPumped-ep-30253,1989,137.55
Fujian-Hydro_NonPumped-ep-30284,1990,107.55
Fujian-Hydro_NonPumped-ep-30315,1991,133.89
Fujian-Hydro_NonPumped-ep-30346,1992,204.86
Fujian-Hydro_NonPumped-ep-30377,1993,286.07
Fujian-Hydro_NonPumped-ep-30408,1994,327.04
Fujian-Hydro_NonPumped-ep-30439,1995,228.27
Fujian-Hydro_NonPumped-ep-30470,1996,248.75
Fujian-Hydro_NonPumped-ep-30501,1997,303.63
Fujian-Hydro_NonPumped-ep-30532,1998,389.96
Fujian-Hydro_NonPumped-ep-30560,1999,280.0
Fujian-Hydro_NonPumped-ep-30583,2000,280.0
Fujian-Hydro_NonPumped-ep-30607,2001,372.69
Fujian-Hydro_NonPumped-ep-30630,2002,580.44
Fujian-Hydro_NonPumped-ep-30653,2003,486.87
Fujian-Hydro_NonPumped-ep-30676,2004,420.0
Fujian-Hydro_NonPumped-ep-30719,2012,130.2
Fujian-Hydro_NonPumped-ep-30724,2005,1040.0
Fujian-Hydro_NonPumped-ep-30748,2006,740.0
Fujian-Hydro_NonPumped-ep-30771,2007,840.0
Fujian-Hydro_NonPumped-ep-30794,2008,780.0
Fujian-Hydro_NonPumped-ep-30814,2009,400.0
Fujian-Hydro_NonPumped-ep-30839,2010,130.0
Fujian-Hydro_NonPumped-ep-30880,2013,1470.5
Fujian-Hydro_NonPumped-ep-30895,2014,27.5
Fujian-Hydro_NonPumped-ep-30904,2015,117.4
Fujian-Hydro_NonPumped-ep-30918,2016,40.3
Fujian-Hydro_NonPumped-ep-30950,2017,35.2
Fujian-Hydro_NonPumped-ep-30995,2011,141.8
Fujian-Hydro_Pumped-ep-35041,2020,1400.0
Fujian-Nuclear_EP_SEA-ep-3103,2020,2178.0
Fujian-Nuclear_EP_SEA-ep-3104,2020,2320.0
Fujian-Nuclear_EP_SEA-ep-60016,2013,1015.0
Fujian-Nuclear_EP_SEA-ep-60021,2014,1015.0
Fujian-Nuclear_EP_SEA-ep-60022,2014,1015.0
Fujian-Nuclear_SEA-13125,2038,-0.0
Fujian-Nuclear_SEA-13125,2048,0.0
Fujian-Nuclear_SEA-13130,2038,6561.0
Fujian-Nuclear_SEA-13130,2048,0.0
Fujian-Nuclear_SMR-13123,2038,0.0
Fujian-Nuclear_SMR-13123,2048,0.0
Fujian-Offshore_Wind-13118,2038,0.0
Fujian-Offshore_Wind-13118,2048,20028.97393725573
Fujian-Residential_PV-207,2038,0.0
Fujian-Residential_PV-207,2048,0.0
Fujian-Residential_PV-208,2038,0.0
Fujian-Residential_PV-208,2048,0.0
Fujian-Residential_PV-209,2038,0.0
Fujian-Residential_PV-209,2048,0.0
Fujian-Residential_PV-210,2038,0.0
Fujian-Residential_PV-210,2048,0.0
Fujian-Residential_PV-211,2038,0.0
Fujian-Residential_PV-211,2048,0.0
Fujian-Residential_PV-400,2038,0.0
Fujian-Residential_PV-400,2048,0.0
Fujian-Wind-1021,2038,1742.857143
Fujian-Wind-1021,2048,-0.0
Fujian-Wind-1022,2038,1742.857143
Fujian-Wind-1022,2048,-0.0
Fujian-Wind-1024,2038,1742.857143
Fujian-Wind-1024,2048,-0.0
Fujian-Wind-1029,2038,1742.857143
Fujian-Wind-1029,2048,-0.0
Fujian-Wind-1035,2038,1742.857143
Fujian-Wind-1035,2048,-0.0
Fujian-Wind-1042,2038,1742.857143
Fujian-Wind-1042,2048,-0.0
Fujian-Wind-1044,2038,1742.857143
Fujian-Wind-1044,2048,-0.0
Fujian-Wind_EP-ep-40001,2012,304.0
Fujian-Wind_EP-ep-40008,2007,230.0
Fujian-Wind_EP-ep-40025,2008,30.0
Fujian-Wind_EP-ep-40045,2009,200.0
Fujian-Wind_EP-ep-40106,2013,339.5
Fujian-Wind_EP-ep-40133,2014,38.5
Fujian-Wind_EP-ep-40162,2015,222.0
Fujian-Wind_EP-ep-40190,2016,419.5
Fujian-Wind_EP-ep-40218,2017,377.1
Fujian-Wind_EP-ep-40241,2010,90.0
Fujian-Wind_EP-ep-40259,2011,268.0
Fujian_Fuel_Cell,2038,0.0
Fujian_Fuel_Cell,2048,0.0
Jiangsu-Battery_Storage-11179,2038,-0.0
Jiangsu-Battery_Storage-11179,2048,45370.12959305624
Jiangsu-Central_PV-474,2038,0.0
Jiangsu-Central_PV-474,2048,1142.857143
Jiangsu-Central_PV-475,2038,0.0
Jiangsu-Central_PV-475,2048,0.0
Jiangsu-Central_PV-476,2038,0.0
Jiangsu-Central_PV-476,2048,1142.857143
Jiangsu-Central_PV-477,2038,0.0
Jiangsu-Central_PV-477,2048,1142.857143
Jiangsu-Central_PV-478,2038,0.0
Jiangsu-Central_PV-478,2048,1142.857143
Jiangsu-Central_PV-570,2038,0.0
Jiangsu-Central_PV-570,2048,1142.857143
Jiangsu-Central_PV-571,2038,0.0
Jiangsu-Central_PV-571,2048,1142.857143
Jiangsu-Central_PV_EP-ep-50016,2012,179.4
Jiangsu-Central_PV_EP-ep-50037,2013,615.6
Jiangsu-Central_PV_EP-ep-50066,2014,1516.0
Jiangsu-Central_PV_EP-ep-50096,2015,1662.8
Jiangsu-Central_PV_EP-ep-50127,2016,1231.1
Jiangsu-Central_PV_EP-ep-50156,2017,3617.6
Jiangsu-Central_PV_EP-ep-50180,2011,250.6
Jiangsu-Coal_1000_OT-11937,2038,-0.0
Jiangsu-Coal_1000_OT-11937,2048,-0.0
Jiangsu-Coal_1000_OT-11937_CCS,2038,0.0
Jiangsu-Coal_1000_OT-11937_CCS,2048,-0.0
Jiangsu-Coal_1000_OT-11937_H2,2038,-0.0
Jiangsu-Coal_1000_OT-11937_H2,2048,-0.0
Jiangsu-Coal_1000_OT-11955,2038,79611.50154861918
Jiangsu-Coal_1000_OT-11955,2048,1625.37340850791
Jiangsu-Coal_1000_OT-11955_CCS,2038,0.0
Jiangsu-Coal_1000_OT-11955_CCS,2048,-0.0
Jiangsu-Coal_1000_OT-11955_H2,2038,-0.0
Jiangsu-Coal_1000_OT-11955_H2,2048,-0.0
Jiangsu-Coal_1000_OT-11973,2038,-0.0
Jiangsu-Coal_1000_OT-11973,2048,-0.0
Jiangsu-Coal_1000_OT-11973_CCS,2038,0.0
Jiangsu-Coal_1000_OT-11973_CCS,2048,-0.0
Jiangsu-Coal_1000_OT-11973_H2,2038,-0.0
Jiangsu-Coal_1000_OT-11973_H2,2048,-0.0
Jiangsu-Coal_1000_OT-11999,2038,-0.0
Jiangsu-Coal_1000_OT-11999,2048,0.0
Jiangsu-Coal_1000_OT-11999_CCS,2038,0.0
Jiangsu-Coal_1000_OT-11999_CCS,2048,-0.0
Jiangsu-Coal_1000_OT-11999_H2,2038,-0.0
Jiangsu-Coal_1000_OT-11999_H2,2048,-0.0
Jiangsu-Coal_1000_OT-12017,2038,-0.0
Jiangsu-Coal_1000_OT-12017,2048,-0.0
Jiangsu-Coal_1000_OT-12017_CCS,2038,0.0
Jiangsu-Coal_1000_OT-12017_CCS,2048,-0.0
Jiangsu-Coal_1000_OT-12017_H2,2038,-0.0
Jiangsu-Coal_1000_OT-12017_H2,2048,-0.0
Jiangsu-Coal_1000_RC-11945,2038,-0.0
Jiangsu-Coal_1000_RC-11945,2048,0.0
Jiangsu-Coal_1000_RC-11945_CCS,2038,0.0
Jiangsu-Coal_1000_RC-11945_CCS,2048,-0.0
Jiangsu-Coal_1000_RC-11945_H2,2038,-0.0
Jiangsu-Coal_1000_RC-11945_H2,2048,-0.0
Jiangsu-Coal_1000_RC-11963,2038,0.0
Jiangsu-Coal_1000_RC-11963,2048,-0.0
Jiangsu-Coal_1000_RC-11963_CCS,2038,0.0
Jiangsu-Coal_1000_RC-11963_CCS,2048,-0.0
Jiangsu-Coal_1000_RC-11963_H2,2038,-0.0
Jiangsu-Coal_1000_RC-11963_H2,2048,-0.0
Jiangsu-Coal_1000_RC-11981,2038,-0.0
Jiangsu-Coal_1000_RC-11981,2048,0.0
Jiangsu-Coal_1000_RC-11981_CCS,2038,0.0
Jiangsu-Coal_1000_RC-11981_CCS,2048,-0.0
Jiangsu-Coal_1000_RC-11981_H2,2038,-0.0
Jiangsu-Coal_1000_RC-11981_H2,2048,-0.0
Jiangsu-Coal_1000_RC-12007,2038,-0.0
Jiangsu-Coal_1000_RC-12007,2048,0.0
Jiangsu-Coal_1000_RC-12007_CCS,2038,0.0
Jiangsu-Coal_1000_RC-12007_CCS,2048,-0.0
Jiangsu-Coal_1000_RC-12007_H2,2038,-0.0
Jiangsu-Coal_1000_RC-12007_H2,2048,-0.0
Jiangsu-Coal_1000_RC-12025,2038,0.0
Jiangsu-Coal_1000_RC-12025,2048,-0.0
Jiangsu-Coal_1000_RC-12025_CCS,2038,0.0
Jiangsu-Coal_1000_RC-12025_CCS,2048,-0.0
Jiangsu-Coal_1000_RC-12025_H2,2038,-0.0
Jiangsu-Coal_1000_RC-12025_H2,2048,-0.0
Jiangsu-Coal_1000_SEA-11991,2038,-0.0
Jiangsu-Coal_1000_SEA-11991,2048,0.0
Jiangsu-Coal_1000_SEA-11991_CCS,2038,0.0
Jiangsu-Coal_1000_SEA-11991_CCS,2048,-0.0
Jiangsu-Coal_1000_SEA-11991_H2,2038,-0.0
Jiangsu-Coal_1000_SEA-11991_H2,2048,-0.0
Jiangsu-Coal_100_OT-ep-1000,2005,135.0
Jiangsu-Coal_100_OT-ep-1001,2005,135.0
Jiangsu-Coal_100_OT-ep-995,2003,140.0
Jiangsu-Coal_100_OT-ep-996,2003,140.0
Jiangsu-Coal_100_OT-ep-999,2002,135.0
Jiangsu-Coal_100_RC-ep-1002,2005,135.0
Jiangsu-Coal_100_RC-ep-1003,2005,135.0
Jiangsu-Coal_100_RC-ep-1004,2005,135.0
Jiangsu-Coal_100_RC-ep-1005,2005,135.0
Jiangsu-Coal_100_RC-ep-1006,2005,135.0
Jiangsu-Coal_100_RC-ep-1007,2005,135.0
Jiangsu-Coal_100_RC-ep-1008,1990,103.0
Jiangsu-Coal_100_RC-ep-1009,2001,100.0
Jiangsu-Coal_100_RC-ep-993,2003,140.0
Jiangsu-Coal_100_RC-ep-994,2003,140.0
Jiangsu-Coal_100_RC-ep-997,1995,138.0
Jiangsu-Coal_100_RC-ep-998,1995,138.0
Jiangsu-Coal_300_OT-11941,2038,-0.0
Jiangsu-Coal_300_OT-11941,2048,-0.0
Jiangsu-Coal_300_OT-11941_CCS,2038,0.0
Jiangsu-Coal_300_OT-11941_CCS,2048,-0.0
Jiangsu-Coal_300_OT-11941_H2,2038,-0.0
Jiangsu-Coal_300_OT-11941_H2,2048,-0.0
Jiangsu-Coal_300_OT-11959,2038,-0.0
Jiangsu-Coal_300_OT-11959,2048,-0.0
Jiangsu-Coal_300_OT-11959_CCS,2038,0.0
Jiangsu-Coal_300_OT-11959_CCS,2048,-0.0
Jiangsu-Coal_300_OT-11959_H2,2038,-0.0
Jiangsu-Coal_300_OT-11959_H2,2048,-0.0
Jiangsu-Coal_300_OT-11977,2038,-0.0
Jiangsu-Coal_300_OT-11977,2048,-0.0
Jiangsu-Coal_300_OT-11977_CCS,2038,0.0
Jiangsu-Coal_300_OT-11977_CCS,2048,-0.0
Jiangsu-Coal_300_OT-11977_H2,2038,-0.0
Jiangsu-Coal_300_OT-11977_H2,2048,-0.0
Jiangsu-Coal_300_OT-12003,2038,-0.0
Jiangsu-Coal_300_OT-12003,2048,-0.0
Jiangsu-Coal_300_OT-12003_CCS,2038,0.0
Jiangsu-Coal_300_OT-12003_CCS,2048,-0.0
Jiangsu-Coal_300_OT-12003_H2,2038,-0.0
Jiangsu-Coal_300_OT-12003_H2,2048,-0.0
Jiangsu-Coal_300_OT-12021,2038,0.0
Jiangsu-Coal_300_OT-12021,2048,-0.0
Jiangsu-Coal_300_OT-12021_CCS,2038,0.0
Jiangsu-Coal_300_OT-12021_CCS,2048,-0.0
Jiangsu-Coal_300_OT-12021_H2,2038,-0.0
Jiangsu-Coal_300_OT-12021_H2,2048,-0.0
Jiangsu-Coal_300_RC-11949,2038,-0.0
Jiangsu-Coal_300_RC-11949,2048,0.0
Jiangsu-Coal_300_RC-11949_CCS,2038,0.0
Jiangsu-Coal_300_RC-11949_CCS,2048,-0.0
Jiangsu-Coal_300_RC-11949_H2,2038,-0.0
Jiangsu-Coal_300_RC-11949_H2,2048,-0.0
Jiangsu-Coal_300_RC-11967,2038,-0.0
Jiangsu-Coal_300_RC-11967,2048,-0.0
Jiangsu-Coal_300_RC-11967_CCS,2038,0.0
Jiangsu-Coal_300_RC-11967_CCS,2048,-0.0
Jiangsu-Coal_300_RC-11967_H2,2038,-0.0
Jiangsu-Coal_300_RC-11967_H2,2048,-0.0
Jiangsu-Coal_300_RC-11985,2038,-0.0
Jiangsu-Coal_300_RC-11985,2048,-0.0
Jiangsu-Coal_300_RC-11985_CCS,2038,0.0
Jiangsu-Coal_300_RC-11985_CCS,2048,-0.0
Jiangsu-Coal_300_RC-11985_H2,2038,-0.0
Jiangsu-Coal_300_RC-11985_H2,2048,-0.0
Jiangsu-Coal_300_RC-12011,2038,-0.0
Jiangsu-Coal_300_RC-12011,2048,0.0
Jiangsu-Coal_300_RC-12011_CCS,2038,0.0
Jiangsu-Coal_300_RC-12011_CCS,2048,-0.0
Jiangsu-Coal_300_RC-12011_H2,2038,-0.0
Jiangsu-Coal_300_RC-12011_H2,2048,-0.0
Jiangsu-Coal_300_RC-12029,2038,-0.0
Jiangsu-Coal_300_RC-12029,2048,0.0
Jiangsu-Coal_300_RC-12029_CCS,2038,0.0
Jiangsu-Coal_300_RC-12029_CCS,2048,-0.0
Jiangsu-Coal_300_RC-12029_H2,2038,-0.0
Jiangsu-Coal_300_RC-12029_H2,2048,-0.0
Jiangsu-Coal_300_SEA-11995,2038,-0.0
Jiangsu-Coal_300_SEA-11995,2048,0.0
Jiangsu-Coal_300_SEA-11995_CCS,2038,0.0
Jiangsu-Coal_300_SEA-11995_CCS,2048,-0.0
Jiangsu-Coal_300_SEA-11995_H2,2038,-0.0
Jiangsu-Coal_300_SEA-11995_H2,2048,-0.0
Jiangsu-Coal_600_OT-11939,2038,-0.0
Jiangsu-Coal_600_OT-11939,2048,-0.0
Jiangsu-Coal_600_OT-11939_CCS,2038,0.0
Jiangsu-Coal_600_OT-11939_CCS,2048,-0.0
Jiangsu-Coal_600_OT-11939_H2,2038,-0.0
Jiangsu-Coal_600_OT-11939_H2,2048,-0.0
Jiangsu-Coal_600_OT-11957,2038,0.0
Jiangsu-Coal_600_OT-11957,2048,-0.0
Jiangsu-Coal_600_OT-11957_CCS,2038,0.0
Jiangsu-Coal_600_OT-11957_CCS,2048,-0.0
Jiangsu-Coal_600_OT-11957_H2,2038,-0.0
Jiangsu-Coal_600_OT-11957_H2,2048,-0.0
Jiangsu-Coal_600_OT-11975,2038,-0.0
Jiangsu-Coal_600_OT-11975,2048,0.0
Jiangsu-Coal_600_OT-11975_CCS,2038,0.0
Jiangsu-Coal_600_OT-11975_CCS,2048,-0.0
Jiangsu-Coal_600_OT-11975_H2,2038,-0.0
Jiangsu-Coal_600_OT-11975_H2,2048,-0.0
Jiangsu-Coal_600_OT-12001,2038,-0.0
Jiangsu-Coal_600_OT-12001,2048,-0.0
Jiangsu-Coal_600_OT-12001_CCS,2038,0.0
Jiangsu-Coal_600_OT-12001_CCS,2048,-0.0
Jiangsu-Coal_600_OT-12001_H2,2038,-0.0
Jiangsu-Coal_600_OT-12001_H2,2048,-0.0
Jiangsu-Coal_600_OT-12019,2038,-0.0
Jiangsu-Coal_600_OT-12019,2048,-0.0
Jiangsu-Coal_600_OT-12019_CCS,2038,0.0
Jiangsu-Coal_600_OT-12019_CCS,2048,-0.0
Jiangsu-Coal_600_OT-12019_H2,2038,-0.0
Jiangsu-Coal_600_OT-12019_H2,2048,-0.0
Jiangsu-Coal_600_RC-11947,2038,-0.0
Jiangsu-Coal_600_RC-11947,2048,0.0
Jiangsu-Coal_600_RC-11947_CCS,2038,0.0
Jiangsu-Coal_600_RC-11947_CCS,2048,-0.0
Jiangsu-Coal_600_RC-11947_H2,2038,-0.0
Jiangsu-Coal_600_RC-11947_H2,2048,-0.0
Jiangsu-Coal_600_RC-11965,2038,0.0
Jiangsu-Coal_600_RC-11965,2048,-0.0
Jiangsu-Coal_600_RC-11965_CCS,2038,0.0
Jiangsu-Coal_600_RC-11965_CCS,2048,-0.0
Jiangsu-Coal_600_RC-11965_H2,2038,-0.0
Jiangsu-Coal_600_RC-11965_H2,2048,-0.0
Jiangsu-Coal_600_RC-11983,2038,-0.0
Jiangsu-Coal_600_RC-11983,2048,-0.0
Jiangsu-Coal_600_RC-11983_CCS,2038,0.0
Jiangsu-Coal_600_RC-11983_CCS,2048,-0.0
Jiangsu-Coal_600_RC-11983_H2,2038,-0.0
Jiangsu-Coal_600_RC-11983_H2,2048,-0.0
Jiangsu-Coal_600_RC-12009,2038,0.0
Jiangsu-Coal_600_RC-12009,2048,-0.0
Jiangsu-Coal_600_RC-12009_CCS,2038,0.0
Jiangsu-Coal_600_RC-12009_CCS,2048,-0.0
Jiangsu-Coal_600_RC-12009_H2,2038,-0.0
Jiangsu-Coal_600_RC-12009_H2,2048,-0.0
Jiangsu-Coal_600_RC-12027,2038,-0.0
Jiangsu-Coal_600_RC-12027,2048,-0.0
Jiangsu-Coal_600_RC-12027_CCS,2038,0.0
Jiangsu-Coal_600_RC-12027_CCS,2048,-0.0
Jiangsu-Coal_600_RC-12027_H2,2038,-0.0
Jiangsu-Coal_600_RC-12027_H2,2048,-0.0
Jiangsu-Coal_600_SEA-11993,2038,-0.0
Jiangsu-Coal_600_SEA-11993,2048,-0.0
Jiangsu-Coal_600_SEA-11993_CCS,2038,0.0
Jiangsu-Coal_600_SEA-11993_CCS,2048,-0.0
Jiangsu-Coal_600_SEA-11993_H2,2038,-0.0
Jiangsu-Coal_600_SEA-11993_H2,2048,-0.0
Jiangsu-Coal_IGCC_RC-11951,2038,0.0
Jiangsu-Coal_IGCC_RC-11951,2048,0.0
Jiangsu-Coal_IGCC_RC-11951_CCS,2038,0.0
Jiangsu-Coal_IGCC_RC-11951_CCS,2048,-0.0
Jiangsu-Coal_IGCC_RC-11951_H2,2038,-0.0
Jiangsu-Coal_IGCC_RC-11951_H2,2048,-0.0
Jiangsu-Coal_IGCC_RC-11969,2038,0.0
Jiangsu-Coal_IGCC_RC-11969,2048,0.0
Jiangsu-Coal_IGCC_RC-11969_CCS,2038,0.0
Jiangsu-Coal_IGCC_RC-11969_CCS,2048,-0.0
Jiangsu-Coal_IGCC_RC-11969_H2,2038,-0.0
Jiangsu-Coal_IGCC_RC-11969_H2,2048,-0.0
Jiangsu-Coal_IGCC_RC-11987,2038,0.0
Jiangsu-Coal_IGCC_RC-11987,2048,0.0
Jiangsu-Coal_IGCC_RC-11987_CCS,2038,0.0
Jiangsu-Coal_IGCC_RC-11987_CCS,2048,-0.0
Jiangsu-Coal_IGCC_RC-11987_H2,2038,-0.0
Jiangsu-Coal_IGCC_RC-11987_H2,2048,-0.0
Jiangsu-Coal_IGCC_RC-12013,2038,0.0
Jiangsu-Coal_IGCC_RC-12013,2048,0.0
Jiangsu-Coal_IGCC_RC-12013_CCS,2038,0.0
Jiangsu-Coal_IGCC_RC-12013_CCS,2048,-0.0
Jiangsu-Coal_IGCC_RC-12013_H2,2038,-0.0
Jiangsu-Coal_IGCC_RC-12013_H2,2048,-0.0
Jiangsu-Coal_IGCC_RC-12031,2038,0.0
Jiangsu-Coal_IGCC_RC-12031,2048,0.0
Jiangsu-Coal_IGCC_RC-12031_CCS,2038,0.0
Jiangsu-Coal_IGCC_RC-12031_CCS,2048,-0.0
Jiangsu-Coal_IGCC_RC-12031_H2,2038,-0.0
Jiangsu-Coal_IGCC_RC-12031_H2,2048,-0.0
Jiangsu-Coal_Small_OT-ep-1012,1990,60.0
Jiangsu-Coal_Small_OT-ep-1013,1990,30.0
Jiangsu-Coal_Small_OT-ep-905,1990,413.0
Jiangsu-Coal_Small_OT-ep-974,1990,242.0
Jiangsu-Coal_Small_RC-ep-839,1990,2915.5
Jiangsu-Coal_Small_RC-ep-840,1990,2583.0
Jiangsu-Coal_Small_RC-ep-860,1990,774.0
Jiangsu-Coal_Small_RC-ep-890,1990,625.0
Jiangsu-Commercial_PV-129,2038,1057.142857
Jiangsu-Commercial_PV-129,2048,-0.0
Jiangsu-Commercial_PV-170,2038,0.0
Jiangsu-Commercial_PV-170,2048,0.0
Jiangsu-Commercial_PV-74,2038,0.0
Jiangsu-Commercial_PV-74,2048,0.0
Jiangsu-Commercial_PV-75,2038,0.0
Jiangsu-Commercial_PV-75,2048,0.0
Jiangsu-Commercial_PV-76,2038,0.0
Jiangsu-Commercial_PV-76,2048,0.0
Jiangsu-Commercial_PV-77,2038,0.0
Jiangsu-Commercial_PV-77,2048,0.0
Jiangsu-Commercial_PV-78,2038,0.0
Jiangsu-Commercial_PV-78,2048,0.0
Jiangsu-EP_Coal_1000_OT-ep-3067,2016,1000.0
Jiangsu-EP_Coal_1000_OT-ep-3068,2016,1000.0
Jiangsu-EP_Coal_1000_OT-ep-3069,2017,1000.0
Jiangsu-EP_Coal_1000_OT-ep-3070,2017,1000.0
Jiangsu-EP_Coal_1000_OT-ep-843,2010,1030.0
Jiangsu-EP_Coal_1000_OT-ep-844,2009,1030.0
Jiangsu-EP_Coal_1000_OT-ep-849,2015,1000.0
Jiangsu-EP_Coal_1000_OT-ep-850,2008,1000.0
Jiangsu-EP_Coal_1000_OT-ep-851,2007,1000.0
Jiangsu-EP_Coal_1000_OT-ep-852,2014,1000.0
Jiangsu-EP_Coal_1000_OT-ep-853,2014,1000.0
Jiangsu-EP_Coal_1000_OT-ep-854,2013,1000.0
Jiangsu-EP_Coal_1000_OT-ep-855,2013,1000.0
Jiangsu-EP_Coal_1000_OT-ep-856,2012,1000.0
Jiangsu-EP_Coal_1000_OT-ep-857,2011,1000.0
Jiangsu-EP_Coal_1000_OT-ep-858,2013,1000.0
Jiangsu-EP_Coal_1000_OT-ep-859,2013,1000.0
Jiangsu-EP_Coal_1000_RC-ep-3071,2018,1000.0
Jiangsu-EP_Coal_1000_RC-ep-3072,2018,1000.0
Jiangsu-EP_Coal_1000_RC-ep-3073,2016,1000.0
Jiangsu-EP_Coal_1000_RC-ep-842,2012,1030.0
Jiangsu-EP_Coal_1000_RC-ep-845,2011,1000.0
Jiangsu-EP_Coal_1000_RC-ep-846,2011,1000.0
Jiangsu-EP_Coal_1000_RC-ep-847,2010,1000.0
Jiangsu-EP_Coal_1000_RC-ep-848,2010,1000.0
Jiangsu-EP_Coal_1000_SEA-ep-3074,2017,1000.0
Jiangsu-EP_Coal_1000_SEA-ep-3075,2017,1000.0
Jiangsu-EP_Coal_300_OT-ep-914,1998,370.0
Jiangsu-EP_Coal_300_OT-ep-915,1998,370.0
Jiangsu-EP_Coal_300_OT-ep-916,1990,352.0
Jiangsu-EP_Coal_300_OT-ep-917,1989,352.0
Jiangsu-EP_Coal_300_OT-ep-918,1999,350.0
Jiangsu-EP_Coal_300_OT-ep-919,1999,350.0
Jiangsu-EP_Coal_300_OT-ep-920,1993,350.0
Jiangsu-EP_Coal_300_OT-ep-921,1993,350.0
Jiangsu-EP_Coal_300_OT-ep-935,2008,330.0
Jiangsu-EP_Coal_300_OT-ep-940,2004,330.0
Jiangsu-EP_Coal_300_OT-ep-941,2005,330.0
Jiangsu-EP_Coal_300_OT-ep-942,2005,330.0
Jiangsu-EP_Coal_300_OT-ep-943,2005,330.0
Jiangsu-EP_Coal_300_OT-ep-944,1986,330.0
Jiangsu-EP_Coal_300_OT-ep-945,1983,330.0
Jiangsu-EP_Coal_300_OT-ep-946,1987,330.0
Jiangsu-EP_Coal_300_OT-ep-947,1997,330.0
Jiangsu-EP_Coal_300_OT-ep-948,1989,330.0
Jiangsu-EP_Coal_300_OT-ep-949,1994,330.0
Jiangsu-EP_Coal_300_OT-ep-950,1994,330.0
Jiangsu-EP_Coal_300_OT-ep-951,1993,330.0
Jiangsu-EP_Coal_300_OT-ep-952,1993,330.0
Jiangsu-EP_Coal_300_OT-ep-959,1994,320.0
Jiangsu-EP_Coal_300_OT-ep-960,1994,320.0
Jiangsu-EP_Coal_300_OT-ep-961,2000,320.0
Jiangsu-EP_Coal_300_OT-ep-962,1999,320.0
Jiangsu-EP_Coal_300_OT-ep-967,2005,300.0
Jiangsu-EP_Coal_300_OT-ep-968,2004,300.0
Jiangsu-EP_Coal_300_OT-ep-969,2004,300.0
Jiangsu-EP_Coal_300_OT-ep-970,2004,300.0
Jiangsu-EP_Coal_300_RC-ep-922,2005,330.0
Jiangsu-EP_Coal_300_RC-ep-923,2005,330.0
Jiangsu-EP_Coal_300_RC-ep-924,2005,330.0
Jiangsu-EP_Coal_300_RC-ep-925,2005,330.0
Jiangsu-EP_Coal_300_RC-ep-926,2006,330.0
Jiangsu-EP_Coal_300_RC-ep-927,2006,330.0
Jiangsu-EP_Coal_300_RC-ep-928,2005,330.0
Jiangsu-EP_Coal_300_RC-ep-929,2005,330.0
Jiangsu-EP_Coal_300_RC-ep-930,2011,330.0
Jiangsu-EP_Coal_300_RC-ep-931,2005,330.0
Jiangsu-EP_Coal_300_RC-ep-932,2005,330.0
Jiangsu-EP_Coal_300_RC-ep-933,2006,330.0
Jiangsu-EP_Coal_300_RC-ep-934,2005,330.0
Jiangsu-EP_Coal_300_RC-ep-936,2005,330.0
Jiangsu-EP_Coal_300_RC-ep-937,2004,330.0
Jiangsu-EP_Coal_300_RC-ep-938,2005,330.0
Jiangsu-EP_Coal_300_RC-ep-939,2005,330.0
Jiangsu-EP_Coal_300_RC-ep-953,2002,320.0
Jiangsu-EP_Coal_300_RC-ep-954,2002,320.0
Jiangsu-EP_Coal_300_RC-ep-955,2004,320.0
Jiangsu-EP_Coal_300_RC-ep-956,2004,320.0
Jiangsu-EP_Coal_300_RC-ep-957,1997,320.0
Jiangsu-EP_Coal_300_RC-ep-958,1996,320.0
Jiangsu-EP_Coal_300_RC-ep-963,2010,300.0
Jiangsu-EP_Coal_300_RC-ep-964,2009,300.0
Jiangsu-EP_Coal_300_RC-ep-965,2011,300.0
Jiangsu-EP_Coal_300_RC-ep-966,2009,300.0
Jiangsu-EP_Coal_600_OT-ep-3076,2016,660.0
Jiangsu-EP_Coal_600_OT-ep-3077,2016,660.0
Jiangsu-EP_Coal_600_OT-ep-863,2011,660.0
Jiangsu-EP_Coal_600_OT-ep-864,2011,660.0
Jiangsu-EP_Coal_600_OT-ep-869,2010,660.0
Jiangsu-EP_Coal_600_OT-ep-870,2010,660.0
Jiangsu-EP_Coal_600_OT-ep-871,2014,660.0
Jiangsu-EP_Coal_600_OT-ep-872,2014,660.0
Jiangsu-EP_Coal_600_OT-ep-875,2005,650.0
Jiangsu-EP_Coal_600_OT-ep-876,2005,650.0
Jiangsu-EP_Coal_600_OT-ep-877,2005,650.0
Jiangsu-EP_Coal_600_OT-ep-878,2007,630.0
Jiangsu-EP_Coal_600_OT-ep-879,2006,630.0
Jiangsu-EP_Coal_600_OT-ep-880,2005,630.0
Jiangsu-EP_Coal_600_OT-ep-881,2005,630.0
Jiangsu-EP_Coal_600_OT-ep-882,1999,630.0
Jiangsu-EP_Coal_600_OT-ep-883,1998,630.0
Jiangsu-EP_Coal_600_OT-ep-884,2005,630.0
Jiangsu-EP_Coal_600_OT-ep-885,2006,630.0
Jiangsu-EP_Coal_600_OT-ep-886,2006,630.0
Jiangsu-EP_Coal_600_OT-ep-887,2006,630.0
Jiangsu-EP_Coal_600_OT-ep-888,2006,630.0
Jiangsu-EP_Coal_600_OT-ep-889,2006,630.0
Jiangsu-EP_Coal_600_OT-ep-895,2006,600.0
Jiangsu-EP_Coal_600_OT-ep-896,2006,600.0
Jiangsu-EP_Coal_600_OT-ep-897,2008,600.0
Jiangsu-EP_Coal_600_OT-ep-898,2007,600.0
Jiangsu-EP_Coal_600_OT-ep-899,2006,600.0
Jiangsu-EP_Coal_600_OT-ep-900,2006,600.0
Jiangsu-EP_Coal_600_RC-ep-873,2011,660.0
Jiangsu-EP_Coal_600_RC-ep-874,2009,660.0
Jiangsu-EP_Coal_600_RC-ep-891,2008,600.0
Jiangsu-EP_Coal_600_RC-ep-892,2007,600.0
Jiangsu-EP_Coal_600_RC-ep-893,2012,600.0
Jiangsu-EP_Coal_600_RC-ep-894,2010,600.0
Jiangsu-EP_Coal_600_SEA-ep-3078,2016,660.0
Jiangsu-EP_Coal_600_SEA-ep-861,2013,660.0
Jiangsu-EP_Coal_600_SEA-ep-862,2011,660.0
Jiangsu-EP_Coal_600_SEA-ep-865,2010,660.0
Jiangsu-EP_Coal_600_SEA-ep-866,2010,660.0
Jiangsu-EP_Coal_600_SEA-ep-867,2010,660.0
Jiangsu-EP_Coal_600_SEA-ep-868,2010,660.0
Jiangsu-EP_Gas_CCGT_OT-ep-912,2005,390.0
Jiangsu-EP_Gas_CCGT_OT-ep-913,2005,390.0
Jiangsu-EP_Gas_CCGT_RC-ep-1015,1990,24.0
Jiangsu-EP_Gas_CCGT_RC-ep-3079,2018,800.0
Jiangsu-EP_Gas_CCGT_RC-ep-3080,2018,800.0
Jiangsu-EP_Gas_CCGT_RC-ep-3081,2016,950.0
Jiangsu-EP_Gas_CCGT_RC-ep-3082,2016,800.0
Jiangsu-EP_Gas_CCGT_RC-ep-3083,2016,800.0
Jiangsu-EP_Gas_CCGT_RC-ep-3084,2016,800.0
Jiangsu-EP_Gas_CCGT_RC-ep-901,2015,475.0
Jiangsu-EP_Gas_CCGT_RC-ep-902,2015,475.0
Jiangsu-EP_Gas_CCGT_RC-ep-903,2015,440.0
Jiangsu-EP_Gas_CCGT_RC-ep-904,2015,440.0
Jiangsu-EP_Gas_CCGT_RC-ep-906,2007,390.0
Jiangsu-EP_Gas_CCGT_RC-ep-907,2006,390.0
Jiangsu-EP_Gas_CCGT_RC-ep-908,2005,390.0
Jiangsu-EP_Gas_CCGT_RC-ep-909,2005,390.0
Jiangsu-EP_Gas_CCGT_RC-ep-910,2006,390.0
Jiangsu-EP_Gas_CCGT_RC-ep-911,2005,390.0
Jiangsu-EP_Gas_CCGT_RC-ep-971,2012,254.0
Jiangsu-EP_Gas_CCGT_RC-ep-972,2012,254.0
Jiangsu-EP_Gas_CCGT_RC-ep-973,2012,254.0
Jiangsu-EP_Gas_CCGT_RC-ep-975,2011,200.0
Jiangsu-EP_Gas_CCGT_RC-ep-976,2011,200.0
Jiangsu-EP_Gas_CCGT_RC-ep-977,2013,186.0
Jiangsu-EP_Gas_CCGT_RC-ep-978,2012,186.0
Jiangsu-EP_Gas_CCGT_RC-ep-979,2004,183.0
Jiangsu-EP_Gas_CCGT_RC-ep-980,2012,180.0
Jiangsu-EP_Gas_CCGT_RC-ep-981,2012,180.0
Jiangsu-EP_Gas_CCGT_RC-ep-982,2013,180.0
Jiangsu-EP_Gas_CCGT_RC-ep-983,2013,180.0
Jiangsu-EP_Gas_CCGT_RC-ep-984,2013,180.0
Jiangsu-EP_Gas_CCGT_RC-ep-985,2013,180.0
Jiangsu-EP_Gas_CCGT_RC-ep-986,2013,180.0
Jiangsu-EP_Gas_CCGT_RC-ep-987,2013,180.0
Jiangsu-EP_Gas_CCGT_RC-ep-988,2005,180.0
Jiangsu-EP_Gas_CCGT_RC-ep-989,2005,180.0
Jiangsu-EP_Gas_CCGT_RC-ep-990,2015,180.0
Jiangsu-EP_Gas_CCGT_RC-ep-991,2015,180.0
Jiangsu-Gas_CCGT_OT-11943,2038,0.0
Jiangsu-Gas_CCGT_OT-11943,2048,0.0
Jiangsu-Gas_CCGT_OT-11961,2038,0.0
Jiangsu-Gas_CCGT_OT-11961,2048,0.0
Jiangsu-Gas_CCGT_OT-11979,2038,0.0
Jiangsu-Gas_CCGT_OT-11979,2048,0.0
Jiangsu-Gas_CCGT_OT-12005,2038,0.0
Jiangsu-Gas_CCGT_OT-12005,2048,0.0
Jiangsu-Gas_CCGT_OT-12023,2038,0.0
Jiangsu-Gas_CCGT_OT-12023,2048,0.0
Jiangsu-Gas_CCGT_RC-11953,2038,0.0
Jiangsu-Gas_CCGT_RC-11953,2048,0.0
Jiangsu-Gas_CCGT_RC-11971,2038,0.0
Jiangsu-Gas_CCGT_RC-11971,2048,0.0
Jiangsu-Gas_CCGT_RC-11989,2038,0.0
Jiangsu-Gas_CCGT_RC-11989,2048,0.0
Jiangsu-Gas_CCGT_RC-12015,2038,0.0
Jiangsu-Gas_CCGT_RC-12015,2048,0.0
Jiangsu-Gas_CCGT_RC-12033,2038,0.0
Jiangsu-Gas_CCGT_RC-12033,2048,0.0
Jiangsu-Gas_CCGT_SEA-11997,2038,-0.0
Jiangsu-Gas_CCGT_SEA-11997,2048,0.0
Jiangsu-Gas_Combustion_Turbine_RC-13141,2038,0.0
Jiangsu-Gas_Combustion_Turbine_RC-13141,2048,0.0
Jiangsu-Hydro_NonPumped-ep-30016,1981,0.74
Jiangsu-Hydro_NonPumped-ep-30047,1982,0.47
Jiangsu-Hydro_NonPumped-ep-30078,1983,0.55
Jiangsu-Hydro_NonPumped-ep-30109,1984,0.66
Jiangsu-Hydro_NonPumped-ep-30140,1985,0.38
Jiangsu-Hydro_NonPumped-ep-30171,1986,0.52
Jiangsu-Hydro_NonPumped-ep-30202,1987,1.22
Jiangsu-Hydro_NonPumped-ep-30233,1988,1.16
Jiangsu-Hydro_NonPumped-ep-30264,1989,0.87
Jiangsu-Hydro_NonPumped-ep-30295,1990,0.68
Jiangsu-Hydro_NonPumped-ep-30326,1991,0.84
Jiangsu-Hydro_NonPumped-ep-30357,1992,1.29
Jiangsu-Hydro_NonPumped-ep-30388,1993,1.8
Jiangsu-Hydro_NonPumped-ep-30419,1994,2.06
Jiangsu-Hydro_NonPumped-ep-30450,1995,1.44
Jiangsu-Hydro_NonPumped-ep-30481,1996,1.57
Jiangsu-Hydro_NonPumped-ep-30512,1997,1.91
Jiangsu-Hydro_NonPumped-ep-30543,1998,2.46
Jiangsu-Hydro_NonPumped-ep-30616,2001,28.47
Jiangsu-Hydro_NonPumped-ep-30639,2002,44.34
Jiangsu-Hydro_NonPumped-ep-30662,2003,37.19
Jiangsu-Hydro_NonPumped-ep-30733,2005,10.0
Jiangsu-Hydro_NonPumped-ep-30824,2008,1000.0
Jiangsu-Hydro_NonPumped-ep-30896,2014,2.6
Jiangsu-Hydro_NonPumped-ep-30907,2015,1.5
Jiangsu-Hydro_NonPumped-ep-30928,2016,3.5
Jiangsu-Hydro_NonPumped-ep-30957,2017,1500.5
Jiangsu-Hydro_Pumped-ep-35005,2010,1092.4
Jiangsu-Hydro_Pumped-ep-35022,2002,100.0
Jiangsu-Hydro_Pumped-ep-35028,2008,1000.0
Jiangsu-Hydro_Pumped-ep-35037,2020,1350.0
Jiangsu-Nuclear_EP_SEA-ep-3085,2020,2252.0
Jiangsu-Nuclear_EP_SEA-ep-3086,2020,2236.0
Jiangsu-Nuclear_EP_SEA-ep-60012,2007,996.0
Jiangsu-Nuclear_EP_SEA-ep-60013,2007,996.0
Jiangsu-Nuclear_SEA-13132,2038,3914.0
Jiangsu-Nuclear_SEA-13132,2048,1992.0
Jiangsu-Nuclear_SMR-13140,2038,0.0
Jiangsu-Nuclear_SMR-13140,2048,0.0
Jiangsu-Offshore_Wind-13135,2038,0.0
Jiangsu-Offshore_Wind-13135,2048,0.0
Jiangsu-Residential_PV-274,2038,0.0
Jiangsu-Residential_PV-274,2048,0.0
Jiangsu-Residential_PV-275,2038,0.0
Jiangsu-Residential_PV-275,2048,0.0
Jiangsu-Residential_PV-276,2038,0.0
Jiangsu-Residential_PV-276,2048,0.0
Jiangsu-Residential_PV-277,2038,0.0
Jiangsu-Residential_PV-277,2048,0.0
Jiangsu-Residential_PV-278,2038,0.0
Jiangsu-Residential_PV-278,2048,0.0
Jiangsu-Residential_PV-357,2038,0.0
Jiangsu-Residential_PV-357,2048,0.0
Jiangsu-Residential_PV-370,2038,0.0
Jiangsu-Residential_PV-370,2048,0.0
Jiangsu-Wind-1078,2038,2916.666667
Jiangsu-Wind-1078,2048,-0.0
Jiangsu-Wind-1079,2038,-0.0
Jiangsu-Wind-1079,2048,2916.666667
Jiangsu-Wind-1080,2038,1471.066665000003
Jiangsu-Wind-1080,2048,1445.600001999996
Jiangsu-Wind-1084,2038,2916.666667
Jiangsu-Wind-1084,2048,0.0
Jiangsu-Wind-1085,2038,-0.0
Jiangsu-Wind-1085,2048,2916.666667
Jiangsu-Wind-1088,2038,-0.0
Jiangsu-Wind-1088,2048,2916.666667
Jiangsu-Wind-1089,2038,2916.666667
Jiangsu-Wind-1089,2048,0.0
Jiangsu-Wind-1092,2038,-0.0
Jiangsu-Wind-1092,2048,2916.666667
Jiangsu-Wind-1093,2038,-0.0
Jiangsu-Wind-1093,2048,2916.666667
Jiangsu-Wind-1094,2038,2916.666667
Jiangsu-Wind-1094,2048,-0.0
Jiangsu-Wind-1096,2038,-0.0
Jiangsu-Wind-1096,2048,2916.666667
Jiangsu-Wind-1159,2038,2916.666667
Jiangsu-Wind-1159,2048,0.0
Jiangsu-Wind_EP-ep-40015,2007,250.0
Jiangsu-Wind_EP-ep-40031,2008,360.0
Jiangsu-Wind_EP-ep-40053,2009,340.0
Jiangsu-Wind_EP-ep-40089,2012,417.9
Jiangsu-Wind_EP-ep-40116,2013,564.0
Jiangsu-Wind_EP-ep-40143,2014,460.4
Jiangsu-Wind_EP-ep-40172,2015,1099.5
Jiangsu-Wind_EP-ep-40200,2016,1491.3
Jiangsu-Wind_EP-ep-40227,2017,942.2
Jiangsu-Wind_EP-ep-40249,2010,420.0
Jiangsu-Wind_EP-ep-40270,2011,210.3
Jiangsu_Fuel_Cell,2038,0.0
Jiangsu_Fuel_Cell,2048,-0.0
Shanghai-Battery_Storage-11180,2038,-0.0
Shanghai-Battery_Storage-11180,2048,-0.0
Shanghai-Central_PV-509,2038,5001.0
Shanghai-Central_PV-509,2048,-0.0
Shanghai-Central_PV_EP-ep-50003,2016,141.9
Shanghai-Central_PV_EP-ep-50005,2011,14.4
Shanghai-Central_PV_EP-ep-50044,2013,0.9
Shanghai-Central_PV_EP-ep-50074,2014,72.3
Shanghai-Central_PV_EP-ep-50103,2015,123.5
Shanghai-Central_PV_EP-ep-50164,2017,225.1
Shanghai-Coal_1000_OT-11911,2038,39353.09569111731
Shanghai-Coal_1000_OT-11911,2048,16428.07306171062
Shanghai-Coal_1000_OT-11911_CCS,2038,0.0
Shanghai-Coal_1000_OT-11911_CCS,2048,-0.0
Shanghai-Coal_1000_OT-11911_H2,2038,-0.0
Shanghai-Coal_1000_OT-11911_H2,2048,-0.0
Shanghai-Coal_1000_RC-11919,2038,-0.0
Shanghai-Coal_1000_RC-11919,2048,-0.0
Shanghai-Coal_1000_RC-11919_CCS,2038,0.0
Shanghai-Coal_1000_RC-11919_CCS,2048,-0.0
Shanghai-Coal_1000_RC-11919_H2,2038,-0.0
Shanghai-Coal_1000_RC-11919_H2,2048,-0.0
Shanghai-Coal_1000_SEA-11929,2038,-0.0
Shanghai-Coal_1000_SEA-11929,2048,-0.0
Shanghai-Coal_1000_SEA-11929_CCS,2038,0.0
Shanghai-Coal_1000_SEA-11929_CCS,2048,-0.0
Shanghai-Coal_1000_SEA-11929_H2,2038,-0.0
Shanghai-Coal_1000_SEA-11929_H2,2048,-0.0
Shanghai-Coal_100_SEA-ep-835,2008,100.0
Shanghai-Coal_100_SEA-ep-836,2002,100.0
Shanghai-Coal_300_OT-11915,2038,-0.0
Shanghai-Coal_300_OT-11915,2048,0.0
Shanghai-Coal_300_OT-11915_CCS,2038,0.0
Shanghai-Coal_300_OT-11915_CCS,2048,-0.0
Shanghai-Coal_300_OT-11915_H2,2038,-0.0
Shanghai-Coal_300_OT-11915_H2,2048,-0.0
Shanghai-Coal_300_RC-11923,2038,-0.0
Shanghai-Coal_300_RC-11923,2048,0.0
Shanghai-Coal_300_RC-11923_CCS,2038,0.0
Shanghai-Coal_300_RC-11923_CCS,2048,-0.0
Shanghai-Coal_300_RC-11923_H2,2038,-0.0
Shanghai-Coal_300_RC-11923_H2,2048,-0.0
Shanghai-Coal_300_SEA-11933,2038,0.0
Shanghai-Coal_300_SEA-11933,2048,0.0
Shanghai-Coal_300_SEA-11933_CCS,2038,0.0
Shanghai-Coal_300_SEA-11933_CCS,2048,-0.0
Shanghai-Coal_300_SEA-11933_H2,2038,-0.0
Shanghai-Coal_300_SEA-11933_H2,2048,-0.0
Shanghai-Coal_600_OT-11913,2038,-0.0
Shanghai-Coal_600_OT-11913,2048,-0.0
Shanghai-Coal_600_OT-11913_CCS,2038,0.0
Shanghai-Coal_600_OT-11913_CCS,2048,-0.0
Shanghai-Coal_600_OT-11913_H2,2038,-0.0
Shanghai-Coal_600_OT-11913_H2,2048,-0.0
Shanghai-Coal_600_RC-11921,2038,-0.0
Shanghai-Coal_600_RC-11921,2048,-0.0
Shanghai-Coal_600_RC-11921_CCS,2038,0.0
Shanghai-Coal_600_RC-11921_CCS,2048,-0.0
Shanghai-Coal_600_RC-11921_H2,2038,-0.0
Shanghai-Coal_600_RC-11921_H2,2048,-0.0
Shanghai-Coal_600_SEA-11931,2038,0.0
Shanghai-Coal_600_SEA-11931,2048,-0.0
Shanghai-Coal_600_SEA-11931_CCS,2038,0.0
Shanghai-Coal_600_SEA-11931_CCS,2048,-0.0
Shanghai-Coal_600_SEA-11931_H2,2038,-0.0
Shanghai-Coal_600_SEA-11931_H2,2048,-0.0
Shanghai-Coal_IGCC_RC-11925,2038,0.0
Shanghai-Coal_IGCC_RC-11925,2048,0.0
Shanghai-Coal_IGCC_RC-11925_CCS,2038,0.0
Shanghai-Coal_IGCC_RC-11925_CCS,2048,-0.0
Shanghai-Coal_IGCC_RC-11925_H2,2038,-0.0
Shanghai-Coal_IGCC_RC-11925_H2,2048,-0.0
Shanghai-Coal_Small_OT-ep-827,1990,286.0
Shanghai-Coal_Small_RC-ep-834,1990,104.0
Shanghai-Coal_Small_SEA-ep-828,1990,224.0
Shanghai-Commercial_PV-109,2038,2200.0
Shanghai-Commercial_PV-109,2048,-0.0
Shanghai-EP_Coal_1000_OT-ep-789,2008,1000.0
Shanghai-EP_Coal_1000_OT-ep-790,2008,1000.0
Shanghai-EP_Coal_1000_OT-ep-791,2004,900.0
Shanghai-EP_Coal_1000_OT-ep-792,2004,900.0
Shanghai-EP_Coal_1000_SEA-ep-787,2010,1000.0
Shanghai-EP_Coal_1000_SEA-ep-788,2010,1000.0
Shanghai-EP_Coal_300_OT-ep-809,2008,350.0
Shanghai-EP_Coal_300_OT-ep-810,1999,350.0
Shanghai-EP_Coal_300_OT-ep-811,1983,350.0
Shanghai-EP_Coal_300_OT-ep-812,1982,350.0
Shanghai-EP_Coal_300_OT-ep-815,1989,325.0
Shanghai-EP_Coal_300_OT-ep-816,1989,325.0
Shanghai-EP_Coal_300_OT-ep-817,1988,325.0
Shanghai-EP_Coal_300_OT-ep-818,1987,325.0
Shanghai-EP_Coal_300_OT-ep-819,1997,320.0
Shanghai-EP_Coal_300_OT-ep-820,1996,320.0
Shanghai-EP_Coal_300_OT-ep-821,1995,320.0
Shanghai-EP_Coal_300_OT-ep-822,1995,320.0
Shanghai-EP_Coal_300_OT-ep-823,2010,300.0
Shanghai-EP_Coal_300_OT-ep-824,2010,300.0
Shanghai-EP_Coal_300_OT-ep-825,1992,300.0
Shanghai-EP_Coal_300_OT-ep-826,1991,300.0
Shanghai-EP_Coal_600_OT-ep-793,2009,660.0
Shanghai-EP_Coal_600_OT-ep-794,2009,660.0
Shanghai-EP_Coal_600_OT-ep-797,1992,600.0
Shanghai-EP_Coal_600_OT-ep-798,1992,600.0
Shanghai-EP_Coal_600_RC-ep-795,2001,600.0
Shanghai-EP_Coal_600_RC-ep-796,2000,600.0
Shanghai-EP_Gas_CCGT_OT-ep-806,2006,385.0
Shanghai-EP_Gas_CCGT_OT-ep-807,2006,385.0
Shanghai-EP_Gas_CCGT_OT-ep-808,2006,385.0
Shanghai-EP_Gas_CCGT_RC-ep-3066,2016,860.0
Shanghai-EP_Gas_CCGT_RC-ep-799,2015,430.0
Shanghai-EP_Gas_CCGT_RC-ep-800,2015,430.0
Shanghai-EP_Gas_CCGT_RC-ep-803,2015,391.24
Shanghai-EP_Gas_CCGT_RC-ep-829,2006,180.0
Shanghai-EP_Gas_CCGT_RC-ep-830,2006,180.0
Shanghai-EP_Gas_CCGT_RC-ep-831,2006,180.0
Shanghai-EP_Gas_CCGT_RC-ep-832,2006,180.0
Shanghai-EP_Gas_CCGT_RC-ep-833,2015,120.0
Shanghai-EP_Gas_CCGT_RC-ep-837,2015,22.0
Shanghai-EP_Gas_CCGT_RC-ep-838,1990,11.2
Shanghai-EP_Gas_CCGT_SEA-ep-801,2012,407.0
Shanghai-EP_Gas_CCGT_SEA-ep-802,2011,407.0
Shanghai-EP_Gas_CCGT_SEA-ep-804,2011,385.0
Shanghai-EP_Gas_CCGT_SEA-ep-805,2011,385.0
Shanghai-EP_Gas_CCGT_SEA-ep-813,2005,329.0
Shanghai-EP_Gas_CCGT_SEA-ep-814,2005,329.0
Shanghai-Gas_CCGT_OT-11917,2038,0.0
Shanghai-Gas_CCGT_OT-11917,2048,0.0
Shanghai-Gas_CCGT_RC-11927,2038,0.0
Shanghai-Gas_CCGT_RC-11927,2048,0.0
Shanghai-Gas_CCGT_SEA-11935,2038,0.0
Shanghai-Gas_CCGT_SEA-11935,2048,0.0
Shanghai-Gas_Combustion_Turbine_RC-13158,2038,0.0
Shanghai-Gas_Combustion_Turbine_RC-13158,2048,0.0
Shanghai-Offshore_Wind-13152,2038,0.0
Shanghai-Offshore_Wind-13152,2048,0.0
Shanghai-Residential_PV-309,2038,0.0
Shanghai-Residential_PV-309,2048,0.0
Shanghai-Wind-1068,2038,0.0
Shanghai-Wind-1068,2048,0.0
Shanghai-Wind-1069,2038,0.0
Shanghai-Wind-1069,2048,0.0
Shanghai-Wind-1072,2038,0.0
Shanghai-Wind-1072,2048,0.0
Shanghai-Wind_EP-ep-40003,2016,100.8
Shanghai-Wind_EP-ep-40020,2007,20.0
Shanghai-Wind_EP-ep-40037,2008,20.0
Shanghai-Wind_EP-ep-40070,2011,69.4
Shanghai-Wind_EP-ep-40096,2012,20.0
Shanghai-Wind_EP-ep-40124,2013,88.0
Shanghai-Wind_EP-ep-40151,2014,48.0
Shanghai-Wind_EP-ep-40179,2015,245.7
Shanghai-Wind_EP-ep-40255,2010,100.0
Shanghai_Fuel_Cell,2038,0.0
Shanghai_Fuel_Cell,2048,0.0
Zhejiang-Battery_Storage-11181,2038,-0.0
Zhejiang-Battery_Storage-11181,2048,5032.615251886728
Zhejiang-Central_PV-547,2038,24000.0
Zhejiang-Central_PV-547,2048,-0.0
Zhejiang-Central_PV-548,2038,24000.0
Zhejiang-Central_PV-548,2048,-0.0
Zhejiang-Central_PV-549,2038,24000.0
Zhejiang-Central_PV-549,2048,0.0
Zhejiang-Central_PV-550,2038,24000.0
Zhejiang-Central_PV-550,2048,0.0
Zhejiang-Central_PV-551,2038,24000.0
Zhejiang-Central_PV-551,2048,0.0
Zhejiang-Central_PV_EP-ep-50011,2011,7.9
Zhejiang-Central_PV_EP-ep-50025,2012,4.3
Zhejiang-Central_PV_EP-ep-50052,2013,168.2
Zhejiang-Central_PV_EP-ep-50082,2014,415.2
Zhejiang-Central_PV_EP-ep-50111,2015,1041.1
Zhejiang-Central_PV_EP-ep-50142,2016,1745.4
Zhejiang-Central_PV_EP-ep-50171,2017,4754.9
Zhejiang-Coal_1000_OT-12063,2038,53138.34768594486
Zhejiang-Coal_1000_OT-12063,2048,39092.91695747823
Zhejiang-Coal_1000_OT-12063_CCS,2038,0.0
Zhejiang-Coal_1000_OT-12063_CCS,2048,-0.0
Zhejiang-Coal_1000_OT-12063_H2,2038,-0.0
Zhejiang-Coal_1000_OT-12063_H2,2048,-0.0
Zhejiang-Coal_1000_RC-12035,2038,-0.0
Zhejiang-Coal_1000_RC-12035,2048,-0.0
Zhejiang-Coal_1000_RC-12035_CCS,2038,0.0
Zhejiang-Coal_1000_RC-12035_CCS,2048,-0.0
Zhejiang-Coal_1000_RC-12035_H2,2038,-0.0
Zhejiang-Coal_1000_RC-12035_H2,2048,-0.0
Zhejiang-Coal_1000_RC-12045,2038,0.0
Zhejiang-Coal_1000_RC-12045,2048,0.0
Zhejiang-Coal_1000_RC-12045_CCS,2038,0.0
Zhejiang-Coal_1000_RC-12045_CCS,2048,-0.0
Zhejiang-Coal_1000_RC-12045_H2,2038,-0.0
Zhejiang-Coal_1000_RC-12045_H2,2048,-0.0
Zhejiang-Coal_1000_RC-12071,2038,-0.0
Zhejiang-Coal_1000_RC-12071,2048,-0.0
Zhejiang-Coal_1000_RC-12071_CCS,2038,0.0
Zhejiang-Coal_1000_RC-12071_CCS,2048,-0.0
Zhejiang-Coal_1000_RC-12071_H2,2038,-0.0
Zhejiang-Coal_1000_RC-12071_H2,2048,-0.0
Zhejiang-Coal_1000_RC-12089,2038,-0.0
Zhejiang-Coal_1000_RC-12089,2048,-0.0
Zhejiang-Coal_1000_RC-12089_CCS,2038,0.0
Zhejiang-Coal_1000_RC-12089_CCS,2048,-0.0
Zhejiang-Coal_1000_RC-12089_H2,2038,-0.0
Zhejiang-Coal_1000_RC-12089_H2,2048,-0.0
Zhejiang-Coal_1000_SEA-12055,2038,0.0
Zhejiang-Coal_1000_SEA-12055,2048,-0.0
Zhejiang-Coal_1000_SEA-12055_CCS,2038,0.0
Zhejiang-Coal_1000_SEA-12055_CCS,2048,-0.0
Zhejiang-Coal_1000_SEA-12055_H2,2038,-0.0
Zhejiang-Coal_1000_SEA-12055_H2,2048,-0.0
Zhejiang-Coal_1000_SEA-12081,2038,-0.0
Zhejiang-Coal_1000_SEA-12081,2048,-0.0
Zhejiang-Coal_1000_SEA-12081_CCS,2038,0.0
Zhejiang-Coal_1000_SEA-12081_CCS,2048,-0.0
Zhejiang-Coal_1000_SEA-12081_H2,2038,-0.0
Zhejiang-Coal_1000_SEA-12081_H2,2048,-0.0
Zhejiang-Coal_1000_SEA-12099,2038,-0.0
Zhejiang-Coal_1000_SEA-12099,2048,-0.0
Zhejiang-Coal_1000_SEA-12099_CCS,2038,0.0
Zhejiang-Coal_1000_SEA-12099_CCS,2048,-0.0
Zhejiang-Coal_1000_SEA-12099_H2,2038,-0.0
Zhejiang-Coal_1000_SEA-12099_H2,2048,-0.0
Zhejiang-Coal_100_OT-ep-1111,1990,215.0
Zhejiang-Coal_100_OT-ep-1112,1989,215.0
Zhejiang-Coal_100_OT-ep-1113,1986,215.0
Zhejiang-Coal_100_OT-ep-1114,1985,215.0
Zhejiang-Coal_100_OT-ep-1131,1988,125.0
Zhejiang-Coal_100_OT-ep-1132,1987,125.0
Zhejiang-Coal_100_OT-ep-1133,1985,125.0
Zhejiang-Coal_100_OT-ep-1134,1985,125.0
Zhejiang-Coal_100_OT-ep-1135,1983,125.0
Zhejiang-Coal_100_OT-ep-1136,1982,125.0
Zhejiang-Coal_100_RC-ep-1124,1996,135.0
Zhejiang-Coal_100_RC-ep-1125,2006,135.0
Zhejiang-Coal_100_RC-ep-1127,1984,130.0
Zhejiang-Coal_100_RC-ep-1128,1994,130.0
Zhejiang-Coal_100_RC-ep-1129,1993,130.0
Zhejiang-Coal_100_SEA-ep-1120,2006,149.0
Zhejiang-Coal_100_SEA-ep-1121,2005,149.0
Zhejiang-Coal_100_SEA-ep-1122,2004,149.0
Zhejiang-Coal_100_SEA-ep-1126,2004,135.0
Zhejiang-Coal_100_SEA-ep-1130,1997,125.0
Zhejiang-Coal_300_OT-12067,2038,-0.0
Zhejiang-Coal_300_OT-12067,2048,-0.0
Zhejiang-Coal_300_OT-12067_CCS,2038,0.0
Zhejiang-Coal_300_OT-12067_CCS,2048,-0.0
Zhejiang-Coal_300_OT-12067_H2,2038,-0.0
Zhejiang-Coal_300_OT-12067_H2,2048,-0.0
Zhejiang-Coal_300_RC-12039,2038,-0.0
Zhejiang-Coal_300_RC-12039,2048,-0.0
Zhejiang-Coal_300_RC-12039_CCS,2038,0.0
Zhejiang-Coal_300_RC-12039_CCS,2048,-0.0
Zhejiang-Coal_300_RC-12039_H2,2038,-0.0
Zhejiang-Coal_300_RC-12039_H2,2048,-0.0
Zhejiang-Coal_300_RC-12049,2038,-0.0
Zhejiang-Coal_300_RC-12049,2048,-0.0
Zhejiang-Coal_300_RC-12049_CCS,2038,0.0
Zhejiang-Coal_300_RC-12049_CCS,2048,-0.0
Zhejiang-Coal_300_RC-12049_H2,2038,-0.0
Zhejiang-Coal_300_RC-12049_H2,2048,-0.0
Zhejiang-Coal_300_RC-12075,2038,-0.0
Zhejiang-Coal_300_RC-12075,2048,-0.0
Zhejiang-Coal_300_RC-12075_CCS,2038,0.0
Zhejiang-Coal_300_RC-12075_CCS,2048,-0.0
Zhejiang-Coal_300_RC-12075_H2,2038,-0.0
Zhejiang-Coal_300_RC-12075_H2,2048,-0.0
Zhejiang-Coal_300_RC-12093,2038,0.0
Zhejiang-Coal_300_RC-12093,2048,-0.0
Zhejiang-Coal_300_RC-12093_CCS,2038,0.0
Zhejiang-Coal_300_RC-12093_CCS,2048,-0.0
Zhejiang-Coal_300_RC-12093_H2,2038,-0.0
Zhejiang-Coal_300_RC-12093_H2,2048,-0.0
Zhejiang-Coal_300_SEA-12059,2038,0.0
Zhejiang-Coal_300_SEA-12059,2048,-0.0
Zhejiang-Coal_300_SEA-12059_CCS,2038,0.0
Zhejiang-Coal_300_SEA-12059_CCS,2048,-0.0
Zhejiang-Coal_300_SEA-12059_H2,2038,-0.0
Zhejiang-Coal_300_SEA-12059_H2,2048,-0.0
Zhejiang-Coal_300_SEA-12085,2038,-0.0
Zhejiang-Coal_300_SEA-12085,2048,-0.0
Zhejiang-Coal_300_SEA-12085_CCS,2038,0.0
Zhejiang-Coal_300_SEA-12085_CCS,2048,-0.0
Zhejiang-Coal_300_SEA-12085_H2,2038,-0.0
Zhejiang-Coal_300_SEA-12085_H2,2048,-0.0
Zhejiang-Coal_300_SEA-12103,2038,-0.0
Zhejiang-Coal_300_SEA-12103,2048,-0.0
Zhejiang-Coal_300_SEA-12103_CCS,2038,0.0
Zhejiang-Coal_300_SEA-12103_CCS,2048,-0.0
Zhejiang-Coal_300_SEA-12103_H2,2038,-0.0
Zhejiang-Coal_300_SEA-12103_H2,2048,-0.0
Zhejiang-Coal_600_OT-12065,2038,-0.0
Zhejiang-Coal_600_OT-12065,2048,-0.0
Zhejiang-Coal_600_OT-12065_CCS,2038,0.0
Zhejiang-Coal_600_OT-12065_CCS,2048,-0.0
Zhejiang-Coal_600_OT-12065_H2,2038,-0.0
Zhejiang-Coal_600_OT-12065_H2,2048,-0.0
Zhejiang-Coal_600_RC-12037,2038,-0.0
Zhejiang-Coal_600_RC-12037,2048,0.0
Zhejiang-Coal_600_RC-12037_CCS,2038,0.0
Zhejiang-Coal_600_RC-12037_CCS,2048,-0.0
Zhejiang-Coal_600_RC-12037_H2,2038,-0.0
Zhejiang-Coal_600_RC-12037_H2,2048,-0.0
Zhejiang-Coal_600_RC-12047,2038,-0.0
Zhejiang-Coal_600_RC-12047,2048,-0.0
Zhejiang-Coal_600_RC-12047_CCS,2038,0.0
Zhejiang-Coal_600_RC-12047_CCS,2048,-0.0
Zhejiang-Coal_600_RC-12047_H2,2038,-0.0
Zhejiang-Coal_600_RC-12047_H2,2048,-0.0
Zhejiang-Coal_600_RC-12073,2038,-0.0
Zhejiang-Coal_600_RC-12073,2048,0.0
Zhejiang-Coal_600_RC-12073_CCS,2038,0.0
Zhejiang-Coal_600_RC-12073_CCS,2048,-0.0
Zhejiang-Coal_600_RC-12073_H2,2038,-0.0
Zhejiang-Coal_600_RC-12073_H2,2048,-0.0
Zhejiang-Coal_600_RC-12091,2038,-0.0
Zhejiang-Coal_600_RC-12091,2048,-0.0
Zhejiang-Coal_600_RC-12091_CCS,2038,0.0
Zhejiang-Coal_600_RC-12091_CCS,2048,-0.0
Zhejiang-Coal_600_RC-12091_H2,2038,-0.0
Zhejiang-Coal_600_RC-12091_H2,2048,-0.0
Zhejiang-Coal_600_SEA-12057,2038,-0.0
Zhejiang-Coal_600_SEA-12057,2048,-0.0
Zhejiang-Coal_600_SEA-12057_CCS,2038,0.0
Zhejiang-Coal_600_SEA-12057_CCS,2048,-0.0
Zhejiang-Coal_600_SEA-12057_H2,2038,-0.0
Zhejiang-Coal_600_SEA-12057_H2,2048,-0.0
Zhejiang-Coal_600_SEA-12083,2038,-0.0
Zhejiang-Coal_600_SEA-12083,2048,-0.0
Zhejiang-Coal_600_SEA-12083_CCS,2038,0.0
Zhejiang-Coal_600_SEA-12083_CCS,2048,-0.0
Zhejiang-Coal_600_SEA-12083_H2,2038,-0.0
Zhejiang-Coal_600_SEA-12083_H2,2048,-0.0
Zhejiang-Coal_600_SEA-12101,2038,-0.0
Zhejiang-Coal_600_SEA-12101,2048,-0.0
Zhejiang-Coal_600_SEA-12101_CCS,2038,0.0
Zhejiang-Coal_600_SEA-12101_CCS,2048,-0.0
Zhejiang-Coal_600_SEA-12101_H2,2038,-0.0
Zhejiang-Coal_600_SEA-12101_H2,2048,-0.0
Zhejiang-Coal_IGCC_RC-12041,2038,0.0
Zhejiang-Coal_IGCC_RC-12041,2048,0.0
Zhejiang-Coal_IGCC_RC-12041_CCS,2038,0.0
Zhejiang-Coal_IGCC_RC-12041_CCS,2048,-0.0
Zhejiang-Coal_IGCC_RC-12041_H2,2038,-0.0
Zhejiang-Coal_IGCC_RC-12041_H2,2048,-0.0
Zhejiang-Coal_IGCC_RC-12051,2038,0.0
Zhejiang-Coal_IGCC_RC-12051,2048,0.0
Zhejiang-Coal_IGCC_RC-12051_CCS,2038,0.0
Zhejiang-Coal_IGCC_RC-12051_CCS,2048,-0.0
Zhejiang-Coal_IGCC_RC-12051_H2,2038,-0.0
Zhejiang-Coal_IGCC_RC-12051_H2,2048,-0.0
Zhejiang-Coal_IGCC_RC-12077,2038,0.0
Zhejiang-Coal_IGCC_RC-12077,2048,0.0
Zhejiang-Coal_IGCC_RC-12077_CCS,2038,0.0
Zhejiang-Coal_IGCC_RC-12077_CCS,2048,-0.0
Zhejiang-Coal_IGCC_RC-12077_H2,2038,-0.0
Zhejiang-Coal_IGCC_RC-12077_H2,2048,-0.0
Zhejiang-Coal_IGCC_RC-12095,2038,0.0
Zhejiang-Coal_IGCC_RC-12095,2048,0.0
Zhejiang-Coal_IGCC_RC-12095_CCS,2038,0.0
Zhejiang-Coal_IGCC_RC-12095_CCS,2048,-0.0
Zhejiang-Coal_IGCC_RC-12095_H2,2038,-0.0
Zhejiang-Coal_IGCC_RC-12095_H2,2048,-0.0
Zhejiang-Coal_Small_OT-ep-1123,1990,136.0
Zhejiang-Coal_Small_OT-ep-1146,1990,66.0
Zhejiang-Coal_Small_RC-ep-1018,1990,2049.23
Zhejiang-Coal_Small_RC-ep-1036,1990,899.0
Zhejiang-Coal_Small_RC-ep-1037,1990,839.9
Zhejiang-Coal_Small_RC-ep-1137,1990,123.5
Zhejiang-Coal_Small_SEA-ep-1117,1990,195.0
Zhejiang-Commercial_PV-147,2038,0.0
Zhejiang-Commercial_PV-147,2048,0.0
Zhejiang-Commercial_PV-148,2038,0.0
Zhejiang-Commercial_PV-148,2048,0.0
Zhejiang-Commercial_PV-149,2038,0.0
Zhejiang-Commercial_PV-149,2048,0.0
Zhejiang-Commercial_PV-150,2038,0.0
Zhejiang-Commercial_PV-150,2048,0.0
Zhejiang-Commercial_PV-151,2038,0.0
Zhejiang-Commercial_PV-151,2048,0.0
Zhejiang-EP_Coal_1000_RC-ep-1022,2009,1000.0
Zhejiang-EP_Coal_1000_RC-ep-1023,2009,1000.0
Zhejiang-EP_Coal_1000_SEA-ep-1020,2011,1000.0
Zhejiang-EP_Coal_1000_SEA-ep-1021,2011,1000.0
Zhejiang-EP_Coal_1000_SEA-ep-1024,2009,1000.0
Zhejiang-EP_Coal_1000_SEA-ep-1025,2008,1000.0
Zhejiang-EP_Coal_1000_SEA-ep-1026,2015,1000.0
Zhejiang-EP_Coal_1000_SEA-ep-1027,2015,1000.0
Zhejiang-EP_Coal_1000_SEA-ep-1028,2014,1000.0
Zhejiang-EP_Coal_1000_SEA-ep-1029,2014,1000.0
Zhejiang-EP_Coal_1000_SEA-ep-1030,2007,1000.0
Zhejiang-EP_Coal_1000_SEA-ep-1031,2007,1000.0
Zhejiang-EP_Coal_1000_SEA-ep-1032,2006,1000.0
Zhejiang-EP_Coal_1000_SEA-ep-1033,2006,1000.0
Zhejiang-EP_Coal_1000_SEA-ep-1034,2014,1000.0
Zhejiang-EP_Coal_1000_SEA-ep-1035,2014,1000.0
Zhejiang-EP_Coal_1000_SEA-ep-3087,2016,1000.0
Zhejiang-EP_Coal_1000_SEA-ep-3088,2016,1000.0
Zhejiang-EP_Coal_300_OT-ep-1091,1997,330.0
Zhejiang-EP_Coal_300_OT-ep-1092,1997,330.0
Zhejiang-EP_Coal_300_OT-ep-1104,2007,300.0
Zhejiang-EP_Coal_300_OT-ep-1105,2008,300.0
Zhejiang-EP_Coal_300_RC-ep-1089,1995,330.0
Zhejiang-EP_Coal_300_RC-ep-1090,1995,330.0
Zhejiang-EP_Coal_300_RC-ep-1097,2006,300.0
Zhejiang-EP_Coal_300_RC-ep-1098,2005,300.0
Zhejiang-EP_Coal_300_RC-ep-1099,2003,300.0
Zhejiang-EP_Coal_300_RC-ep-1100,2002,300.0
Zhejiang-EP_Coal_300_RC-ep-1101,2011,300.0
Zhejiang-EP_Coal_300_RC-ep-1102,2011,300.0
Zhejiang-EP_Coal_300_SEA-ep-1086,2014,350.0
Zhejiang-EP_Coal_300_SEA-ep-1093,2001,330.0
Zhejiang-EP_Coal_300_SEA-ep-1094,2001,330.0
Zhejiang-EP_Coal_300_SEA-ep-1095,2005,330.0
Zhejiang-EP_Coal_300_SEA-ep-1103,2010,300.0
Zhejiang-EP_Coal_300_SEA-ep-1107,2005,300.0
Zhejiang-EP_Coal_600_RC-ep-1038,2014,660.0
Zhejiang-EP_Coal_600_RC-ep-1039,2014,660.0
Zhejiang-EP_Coal_600_RC-ep-1048,2007,600.0
Zhejiang-EP_Coal_600_RC-ep-1049,2006,600.0
Zhejiang-EP_Coal_600_RC-ep-1050,2006,600.0
Zhejiang-EP_Coal_600_RC-ep-1051,2006,600.0
Zhejiang-EP_Coal_600_SEA-ep-1040,2015,660.0
Zhejiang-EP_Coal_600_SEA-ep-1041,2015,660.0
Zhejiang-EP_Coal_600_SEA-ep-1042,2010,660.0
Zhejiang-EP_Coal_600_SEA-ep-1043,2010,660.0
Zhejiang-EP_Coal_600_SEA-ep-1044,2005,600.0
Zhejiang-EP_Coal_600_SEA-ep-1045,2005,600.0
Zhejiang-EP_Coal_600_SEA-ep-1046,2004,600.0
Zhejiang-EP_Coal_600_SEA-ep-1047,2004,600.0
Zhejiang-EP_Coal_600_SEA-ep-1052,1994,600.0
Zhejiang-EP_Coal_600_SEA-ep-1053,1991,600.0
Zhejiang-EP_Coal_600_SEA-ep-1054,2006,600.0
Zhejiang-EP_Coal_600_SEA-ep-1055,2006,600.0
Zhejiang-EP_Coal_600_SEA-ep-1056,2006,600.0
Zhejiang-EP_Coal_600_SEA-ep-1057,2006,600.0
Zhejiang-EP_Coal_600_SEA-ep-1058,2006,600.0
Zhejiang-EP_Coal_600_SEA-ep-1059,2006,600.0
Zhejiang-EP_Coal_600_SEA-ep-1060,2005,600.0
Zhejiang-EP_Coal_600_SEA-ep-1061,2006,600.0
Zhejiang-EP_Coal_600_SEA-ep-1062,2000,600.0
Zhejiang-EP_Coal_600_SEA-ep-1063,2000,600.0
Zhejiang-EP_Coal_600_SEA-ep-1064,2000,600.0
Zhejiang-EP_Coal_600_SEA-ep-1065,2008,600.0
Zhejiang-EP_Coal_600_SEA-ep-1066,2008,600.0
Zhejiang-EP_Coal_600_SEA-ep-3089,2016,660.0
Zhejiang-EP_Coal_600_SEA-ep-3090,2016,660.0
Zhejiang-EP_Gas_CCGT_OT-ep-1084,2007,390.0
Zhejiang-EP_Gas_CCGT_OT-ep-1085,2007,390.0
Zhejiang-EP_Gas_CCGT_OT-ep-1106,2011,300.0
Zhejiang-EP_Gas_CCGT_RC-ep-1067,2015,480.25
Zhejiang-EP_Gas_CCGT_RC-ep-1068,2015,480.25
Zhejiang-EP_Gas_CCGT_RC-ep-1069,2014,458.0
Zhejiang-EP_Gas_CCGT_RC-ep-1070,2013,452.0
Zhejiang-EP_Gas_CCGT_RC-ep-1071,2013,452.0
Zhejiang-EP_Gas_CCGT_RC-ep-1072,2014,415.0
Zhejiang-EP_Gas_CCGT_RC-ep-1073,2013,415.0
Zhejiang-EP_Gas_CCGT_RC-ep-1074,2013,415.0
Zhejiang-EP_Gas_CCGT_RC-ep-1075,2007,402.0
Zhejiang-EP_Gas_CCGT_RC-ep-1076,2007,402.0
Zhejiang-EP_Gas_CCGT_RC-ep-1077,2013,400.0
Zhejiang-EP_Gas_CCGT_RC-ep-1078,2013,400.0
Zhejiang-EP_Gas_CCGT_RC-ep-1079,2005,390.0
Zhejiang-EP_Gas_CCGT_RC-ep-1080,2005,390.0
Zhejiang-EP_Gas_CCGT_RC-ep-1081,2005,390.0
Zhejiang-EP_Gas_CCGT_RC-ep-1082,2007,390.0
Zhejiang-EP_Gas_CCGT_RC-ep-1083,2007,390.0
Zhejiang-EP_Gas_CCGT_RC-ep-1108,2014,246.0
Zhejiang-EP_Gas_CCGT_RC-ep-1109,2014,229.2
Zhejiang-EP_Gas_CCGT_RC-ep-1110,2014,229.2
Zhejiang-EP_Gas_CCGT_RC-ep-1115,2015,202.5
Zhejiang-EP_Gas_CCGT_RC-ep-1116,2015,202.5
Zhejiang-EP_Gas_CCGT_RC-ep-1118,2015,186.25
Zhejiang-EP_Gas_CCGT_RC-ep-1119,2014,158.0
Zhejiang-EP_Gas_CCGT_RC-ep-1138,2013,120.0
Zhejiang-EP_Gas_CCGT_RC-ep-1139,2013,120.0
Zhejiang-EP_Gas_CCGT_RC-ep-1140,2015,115.0
Zhejiang-EP_Gas_CCGT_RC-ep-1141,2014,115.0
Zhejiang-EP_Gas_CCGT_RC-ep-1142,2006,112.0
Zhejiang-EP_Gas_CCGT_RC-ep-1143,2004,100.0
Zhejiang-EP_Gas_CCGT_RC-ep-1144,2008,88.5
Zhejiang-EP_Gas_CCGT_RC-ep-1145,2006,75.0
Zhejiang-EP_Gas_CCGT_RC-ep-1147,2015,54.6
Zhejiang-EP_Gas_CCGT_RC-ep-1148,2006,52.14
Zhejiang-EP_Gas_CCGT_RC-ep-3091,2016,960.0
Zhejiang-EP_Gas_CCGT_SEA-ep-1087,2014,350.0
Zhejiang-EP_Gas_CCGT_SEA-ep-1088,2014,350.0
Zhejiang-Gas_CCGT_OT-12069,2038,0.0
Zhejiang-Gas_CCGT_OT-12069,2048,0.0
Zhejiang-Gas_CCGT_RC-12043,2038,0.0
Zhejiang-Gas_CCGT_RC-12043,2048,0.0
Zhejiang-Gas_CCGT_RC-12053,2038,0.0
Zhejiang-Gas_CCGT_RC-12053,2048,0.0
Zhejiang-Gas_CCGT_RC-12079,2038,0.0
Zhejiang-Gas_CCGT_RC-12079,2048,0.0
Zhejiang-Gas_CCGT_RC-12097,2038,0.0
Zhejiang-Gas_CCGT_RC-12097,2048,0.0
Zhejiang-Gas_CCGT_SEA-12061,2038,0.0
Zhejiang-Gas_CCGT_SEA-12061,2048,0.0
Zhejiang-Gas_CCGT_SEA-12087,2038,0.0
Zhejiang-Gas_CCGT_SEA-12087,2048,0.0
Zhejiang-Gas_CCGT_SEA-12105,2038,0.0
Zhejiang-Gas_CCGT_SEA-12105,2048,0.0
Zhejiang-Gas_Combustion_Turbine_RC-13175,2038,0.0
Zhejiang-Gas_Combustion_Turbine_RC-13175,2048,0.0
Zhejiang-Hydro_NonPumped-ep-30031,1981,94.78
Zhejiang-Hydro_NonPumped-ep-30062,1982,60.63
Zhejiang-Hydro_NonPumped-ep-30093,1983,70.64
Zhejiang-Hydro_NonPumped-ep-30124,1984,84.77
Zhejiang-Hydro_NonPumped-ep-30155,1985,48.27
Zhejiang-Hydro_NonPumped-ep-30186,1986,65.93
Zhejiang-Hydro_NonPumped-ep-30217,1987,156.0
Zhejiang-Hydro_NonPumped-ep-30248,1988,147.76
Zhejiang-Hydro_NonPumped-ep-30279,1989,110.67
Zhejiang-Hydro_NonPumped-ep-30310,1990,86.54
Zhejiang-Hydro_NonPumped-ep-30341,1991,107.73
Zhejiang-Hydro_NonPumped-ep-30372,1992,164.83
Zhejiang-Hydro_NonPumped-ep-30403,1993,230.18
Zhejiang-Hydro_NonPumped-ep-30434,1994,263.14
Zhejiang-Hydro_NonPumped-ep-30465,1995,183.67
Zhejiang-Hydro_NonPumped-ep-30496,1996,200.15
Zhejiang-Hydro_NonPumped-ep-30527,1997,244.31
Zhejiang-Hydro_NonPumped-ep-30558,1998,313.77
Zhejiang-Hydro_NonPumped-ep-30581,1999,795.0
Zhejiang-Hydro_NonPumped-ep-30604,2000,795.0
Zhejiang-Hydro_NonPumped-ep-30627,2001,163.05
Zhejiang-Hydro_NonPumped-ep-30650,2002,253.94
Zhejiang-Hydro_NonPumped-ep-30673,2003,213.01
Zhejiang-Hydro_NonPumped-ep-30693,2004,370.0
Zhejiang-Hydro_NonPumped-ep-30716,2009,600.0
Zhejiang-Hydro_NonPumped-ep-30744,2005,530.0
Zhejiang-Hydro_NonPumped-ep-30767,2006,1420.0
Zhejiang-Hydro_NonPumped-ep-30791,2007,150.0
Zhejiang-Hydro_NonPumped-ep-30811,2008,440.0
Zhejiang-Hydro_NonPumped-ep-30856,2010,130.0
Zhejiang-Hydro_NonPumped-ep-30865,2011,46.2
Zhejiang-Hydro_NonPumped-ep-30933,2012,105.4
Zhejiang-Hydro_NonPumped-ep-30967,2017,63.1
Zhejiang-Hydro_NonPumped-ep-30974,2013,21.9
Zhejiang-Hydro_NonPumped-ep-30985,2014,86.4
Zhejiang-Hydro_NonPumped-ep-30989,2015,70.5
Zhejiang-Hydro_NonPumped-ep-30992,2016,1517.4
Zhejiang-Hydro_Pumped-ep-35006,2010,642.59
Zhejiang-Hydro_Pumped-ep-35017,1998,80.0
Zhejiang-Hydro_Pumped-ep-35018,2000,1800.0
Zhejiang-Hydro_Pumped-ep-35023,2006,1200.0
Zhejiang-Hydro_Pumped-ep-35038,2020,2100.0
Zhejiang-Hydro_Pumped-ep-35054,2016,1500.0
Zhejiang-Nuclear_EP_SEA-ep-3092,2020,2500.0
Zhejiang-Nuclear_EP_SEA-ep-60005,1994,291.0
Zhejiang-Nuclear_EP_SEA-ep-60006,2002,611.0
Zhejiang-Nuclear_EP_SEA-ep-60007,2004,611.0
Zhejiang-Nuclear_EP_SEA-ep-60008,2010,611.0
Zhejiang-Nuclear_EP_SEA-ep-60009,2012,611.0
Zhejiang-Nuclear_EP_SEA-ep-60010,2002,696.0
Zhejiang-Nuclear_EP_SEA-ep-60011,2003,696.0
Zhejiang-Nuclear_EP_SEA-ep-60027,2014,1015.0
Zhejiang-Nuclear_EP_SEA-ep-60028,2014,1015.0
Zhejiang-Nuclear_EP_SEA-ep-60033,2014,1175.0
Zhejiang-Nuclear_SEA-13131,2038,3666.0
Zhejiang-Nuclear_SEA-13131,2048,0.0
Zhejiang-Nuclear_SEA-13176,2038,0.0
Zhejiang-Nuclear_SEA-13176,2048,2614.0
Zhejiang-Nuclear_SMR-13174,2038,0.0
Zhejiang-Nuclear_SMR-13174,2048,0.0
Zhejiang-Offshore_Wind-13169,2038,0.0
Zhejiang-Offshore_Wind-13169,2048,0.0
Zhejiang-Residential_PV-347,2038,0.0
Zhejiang-Residential_PV-347,2048,0.0
Zhejiang-Residential_PV-348,2038,0.0
Zhejiang-Residential_PV-348,2048,0.0
Zhejiang-Residential_PV-349,2038,0.0
Zhejiang-Residential_PV-349,2048,0.0
Zhejiang-Residential_PV-350,2038,0.0
Zhejiang-Residential_PV-350,2048,0.0
Zhejiang-Residential_PV-351,2038,0.0
Zhejiang-Residential_PV-351,2048,0.0
Zhejiang-Wind-1048,2038,944.0
Zhejiang-Wind-1048,2048,-0.0
Zhejiang-Wind-1051,2038,944.0
Zhejiang-Wind-1051,2048,-0.0
Zhejiang-Wind-1053,2038,944.0
Zhejiang-Wind-1053,2048,-0.0
Zhejiang-Wind-1054,2038,944.0
Zhejiang-Wind-1054,2048,-0.0
Zhejiang-Wind-1056,2038,944.0
Zhejiang-Wind-1056,2048,-0.0
Zhejiang-Wind-1059,2038,944.0
Zhejiang-Wind-1059,2048,-0.0
Zhejiang-Wind-1061,2038,944.0
Zhejiang-Wind-1061,2048,-0.0
Zhejiang-Wind-1065,2038,944.0
Zhejiang-Wind-1065,2048,-0.0
Zhejiang-Wind-1067,2038,944.0
Zhejiang-Wind-1067,2048,-0.0
Zhejiang-Wind-1157,2038,944.0
Zhejiang-Wind-1157,2048,-0.0
Zhejiang-Wind_EP-ep-40023,2007,40.0
Zhejiang-Wind_EP-ep-40041,2008,110.0
Zhejiang-Wind_EP-ep-40062,2009,80.0
Zhejiang-Wind_EP-ep-40068,2010,20.0
Zhejiang-Wind_EP-ep-40077,2011,72.2
Zhejiang-Wind_EP-ep-40102,2012,74.8
Zhejiang-Wind_EP-ep-40130,2013,49.5
Zhejiang-Wind_EP-ep-40159,2014,283.5
Zhejiang-Wind_EP-ep-40185,2015,312.2
Zhejiang-Wind_EP-ep-40213,2016,147.6
Zhejiang-Wind_EP-ep-40237,2017,140.1
Zhejiang_Fuel_Cell,2038,-0.0
Zhejiang_Fuel_Cell,2048,0.0
