GEN_BLD_SUSPEND_YRS_1,GEN_BLD_SUSPEND_YRS_2,GEN_BLD_SUSPEND_YRS_3,SuspendGen
Anhui-Battery_Storage-11177,2038,2038,-0.0
Anhui-Battery_Storage-11177,2038,2048,-0.0
Anhui-Battery_Storage-11177,2048,2048,-0.0
Anhui-Central_PV-401,2038,2038,0.0
Anhui-Central_PV-401,2038,2048,0.0
Anhui-Central_PV-401,2048,2048,0.0
Anhui-Central_PV-402,2038,2038,0.0
Anhui-Central_PV-402,2038,2048,0.0
Anhui-Central_PV-402,2048,2048,0.0
Anhui-Central_PV-403,2038,2038,0.0
Anhui-Central_PV-403,2038,2048,0.0
Anhui-Central_PV-403,2048,2048,0.0
Anhui-Central_PV-404,2038,2038,0.0
Anhui-Central_PV-404,2038,2048,0.0
Anhui-Central_PV-404,2048,2048,0.0
Anhui-Central_PV_EP-ep-50012,2012,2038,0.0
Anhui-Central_PV_EP-ep-50026,2013,2038,0.0
Anhui-Central_PV_EP-ep-50053,2014,2038,0.0
Anhui-Central_PV_EP-ep-50083,2015,2038,0.0
Anhui-Central_PV_EP-ep-50112,2016,2038,0.0
Anhui-Central_PV_EP-ep-50143,2017,2038,0.0
Anhui-Central_PV_EP-ep-50173,2011,2038,0.0
Anhui-Coal_1000_OT-12107,2038,2038,0.0
Anhui-Coal_1000_OT-12107,2038,2048,0.0
Anhui-Coal_1000_OT-12107,2048,2048,0.0
Anhui-Coal_1000_OT-12107_CCS,2038,2038,-0.0
Anhui-Coal_1000_OT-12107_CCS,2038,2048,0.0
Anhui-Coal_1000_OT-12107_CCS,2048,2048,-0.0
Anhui-Coal_1000_OT-12107_H2,2038,2038,-0.0
Anhui-Coal_1000_OT-12107_H2,2038,2048,0.0
Anhui-Coal_1000_OT-12107_H2,2048,2048,0.0
Anhui-Coal_1000_RC-12115,2038,2038,0.0
Anhui-Coal_1000_RC-12115,2038,2048,0.0
Anhui-Coal_1000_RC-12115,2048,2048,0.0
Anhui-Coal_1000_RC-12115_CCS,2038,2038,-0.0
Anhui-Coal_1000_RC-12115_CCS,2038,2048,0.0
Anhui-Coal_1000_RC-12115_CCS,2048,2048,-0.0
Anhui-Coal_1000_RC-12115_H2,2038,2038,-0.0
Anhui-Coal_1000_RC-12115_H2,2038,2048,0.0
Anhui-Coal_1000_RC-12115_H2,2048,2048,0.0
Anhui-Coal_1000_RC-12125,2038,2038,0.0
Anhui-Coal_1000_RC-12125,2038,2048,0.0
Anhui-Coal_1000_RC-12125,2048,2048,0.0
Anhui-Coal_1000_RC-12125_CCS,2038,2038,-0.0
Anhui-Coal_1000_RC-12125_CCS,2038,2048,0.0
Anhui-Coal_1000_RC-12125_CCS,2048,2048,-0.0
Anhui-Coal_1000_RC-12125_H2,2038,2038,-0.0
Anhui-Coal_1000_RC-12125_H2,2038,2048,-0.0
Anhui-Coal_1000_RC-12125_H2,2048,2048,-0.0
Anhui-Coal_100_RC-ep-1233,2009,2038,135.0
Anhui-Coal_100_RC-ep-1234,2009,2038,135.0
Anhui-Coal_300_OT-12111,2038,2038,-0.0
Anhui-Coal_300_OT-12111,2038,2048,0.0
Anhui-Coal_300_OT-12111,2048,2048,0.0
Anhui-Coal_300_OT-12111_CCS,2038,2038,-0.0
Anhui-Coal_300_OT-12111_CCS,2038,2048,-0.0
Anhui-Coal_300_OT-12111_CCS,2048,2048,0.0
Anhui-Coal_300_OT-12111_H2,2038,2038,-0.0
Anhui-Coal_300_OT-12111_H2,2038,2048,0.0
Anhui-Coal_300_OT-12111_H2,2048,2048,-0.0
Anhui-Coal_300_RC-12119,2038,2038,-0.0
Anhui-Coal_300_RC-12119,2038,2048,0.0
Anhui-Coal_300_RC-12119,2048,2048,0.0
Anhui-Coal_300_RC-12119_CCS,2038,2038,-0.0
Anhui-Coal_300_RC-12119_CCS,2038,2048,-0.0
Anhui-Coal_300_RC-12119_CCS,2048,2048,0.0
Anhui-Coal_300_RC-12119_H2,2038,2038,-0.0
Anhui-Coal_300_RC-12119_H2,2038,2048,0.0
Anhui-Coal_300_RC-12119_H2,2048,2048,0.0
Anhui-Coal_300_RC-12129,2038,2038,-0.0
Anhui-Coal_300_RC-12129,2038,2048,0.0
Anhui-Coal_300_RC-12129,2048,2048,0.0
Anhui-Coal_300_RC-12129_CCS,2038,2038,-0.0
Anhui-Coal_300_RC-12129_CCS,2038,2048,-0.0
Anhui-Coal_300_RC-12129_CCS,2048,2048,0.0
Anhui-Coal_300_RC-12129_H2,2038,2038,-0.0
Anhui-Coal_300_RC-12129_H2,2038,2048,-0.0
Anhui-Coal_300_RC-12129_H2,2048,2048,0.0
Anhui-Coal_600_OT-12109,2038,2038,0.0
Anhui-Coal_600_OT-12109,2038,2048,0.0
Anhui-Coal_600_OT-12109,2048,2048,0.0
Anhui-Coal_600_OT-12109_CCS,2038,2038,-0.0
Anhui-Coal_600_OT-12109_CCS,2038,2048,-0.0
Anhui-Coal_600_OT-12109_CCS,2048,2048,0.0
Anhui-Coal_600_OT-12109_H2,2038,2038,-0.0
Anhui-Coal_600_OT-12109_H2,2038,2048,-0.0
Anhui-Coal_600_OT-12109_H2,2048,2048,0.0
Anhui-Coal_600_RC-12117,2038,2038,0.0
Anhui-Coal_600_RC-12117,2038,2048,0.0
Anhui-Coal_600_RC-12117,2048,2048,0.0
Anhui-Coal_600_RC-12117_CCS,2038,2038,-0.0
Anhui-Coal_600_RC-12117_CCS,2038,2048,0.0
Anhui-Coal_600_RC-12117_CCS,2048,2048,-0.0
Anhui-Coal_600_RC-12117_H2,2038,2038,-0.0
Anhui-Coal_600_RC-12117_H2,2038,2048,0.0
Anhui-Coal_600_RC-12117_H2,2048,2048,-0.0
Anhui-Coal_600_RC-12127,2038,2038,0.0
Anhui-Coal_600_RC-12127,2038,2048,0.0
Anhui-Coal_600_RC-12127,2048,2048,0.0
Anhui-Coal_600_RC-12127_CCS,2038,2038,-0.0
Anhui-Coal_600_RC-12127_CCS,2038,2048,0.0
Anhui-Coal_600_RC-12127_CCS,2048,2048,-0.0
Anhui-Coal_600_RC-12127_H2,2038,2038,-0.0
Anhui-Coal_600_RC-12127_H2,2038,2048,0.0
Anhui-Coal_600_RC-12127_H2,2048,2048,-0.0
Anhui-Coal_IGCC_RC-12121,2038,2038,-0.0
Anhui-Coal_IGCC_RC-12121,2038,2048,0.0
Anhui-Coal_IGCC_RC-12121,2048,2048,-0.0
Anhui-Coal_IGCC_RC-12121_CCS,2038,2038,-0.0
Anhui-Coal_IGCC_RC-12121_CCS,2038,2048,-0.0
Anhui-Coal_IGCC_RC-12121_CCS,2048,2048,0.0
Anhui-Coal_IGCC_RC-12121_H2,2038,2038,0.0
Anhui-Coal_IGCC_RC-12121_H2,2038,2048,0.0
Anhui-Coal_IGCC_RC-12121_H2,2048,2048,0.0
Anhui-Coal_IGCC_RC-12131,2038,2038,-0.0
Anhui-Coal_IGCC_RC-12131,2038,2048,-0.0
Anhui-Coal_IGCC_RC-12131,2048,2048,0.0
Anhui-Coal_IGCC_RC-12131_CCS,2038,2038,-0.0
Anhui-Coal_IGCC_RC-12131_CCS,2038,2048,0.0
Anhui-Coal_IGCC_RC-12131_CCS,2048,2048,-0.0
Anhui-Coal_IGCC_RC-12131_H2,2038,2038,-0.0
Anhui-Coal_IGCC_RC-12131_H2,2038,2048,-0.0
Anhui-Coal_IGCC_RC-12131_H2,2048,2048,0.0
Anhui-Commercial_PV-2,2038,2038,0.0
Anhui-Commercial_PV-2,2038,2048,0.0
Anhui-Commercial_PV-2,2048,2048,0.0
Anhui-Commercial_PV-3,2038,2038,0.0
Anhui-Commercial_PV-3,2038,2048,0.0
Anhui-Commercial_PV-3,2048,2048,0.0
Anhui-Commercial_PV-4,2038,2038,0.0
Anhui-Commercial_PV-4,2038,2048,0.0
Anhui-Commercial_PV-4,2048,2048,0.0
Anhui-EP_Coal_1000_OT-ep-3093,2018,2038,0.0
Anhui-EP_Coal_1000_OT-ep-3093,2018,2048,0.0
Anhui-EP_Coal_1000_RC-ep-1152,2011,2038,0.0
Anhui-EP_Coal_1000_RC-ep-1152,2011,2048,0.0
Anhui-EP_Coal_1000_RC-ep-1153,2015,2038,0.0
Anhui-EP_Coal_1000_RC-ep-1153,2015,2048,0.0
Anhui-EP_Coal_1000_RC-ep-1154,2015,2038,0.0
Anhui-EP_Coal_1000_RC-ep-1154,2015,2048,0.0
Anhui-EP_Coal_1000_RC-ep-1155,2015,2038,0.0
Anhui-EP_Coal_1000_RC-ep-1155,2015,2048,0.0
Anhui-EP_Coal_1000_RC-ep-1156,2015,2038,0.0
Anhui-EP_Coal_1000_RC-ep-1156,2015,2048,0.0
Anhui-EP_Coal_1000_RC-ep-3094,2017,2038,0.0
Anhui-EP_Coal_1000_RC-ep-3094,2017,2048,0.0
Anhui-EP_Coal_1000_RC-ep-3095,2017,2038,0.0
Anhui-EP_Coal_1000_RC-ep-3095,2017,2048,0.0
Anhui-EP_Coal_1000_RC-ep-3096,2017,2038,0.0
Anhui-EP_Coal_1000_RC-ep-3096,2017,2048,0.0
Anhui-EP_Coal_300_OT-ep-1206,2006,2038,0.0
Anhui-EP_Coal_300_OT-ep-1207,2006,2038,0.0
Anhui-EP_Coal_300_OT-ep-1218,2005,2038,0.0
Anhui-EP_Coal_300_OT-ep-1219,2005,2038,0.0
Anhui-EP_Coal_300_OT-ep-1220,2005,2038,0.0
Anhui-EP_Coal_300_OT-ep-1221,2005,2038,0.0
Anhui-EP_Coal_300_RC-ep-1200,2012,2038,0.0
Anhui-EP_Coal_300_RC-ep-1201,2012,2038,0.0
Anhui-EP_Coal_300_RC-ep-1204,2012,2038,0.0
Anhui-EP_Coal_300_RC-ep-1205,2011,2038,0.0
Anhui-EP_Coal_300_RC-ep-1214,2009,2038,0.0
Anhui-EP_Coal_300_RC-ep-1215,2009,2038,0.0
Anhui-EP_Coal_300_RC-ep-1222,2005,2038,0.0
Anhui-EP_Coal_300_RC-ep-1224,2012,2038,0.0
Anhui-EP_Coal_300_RC-ep-1225,2012,2038,0.0
Anhui-EP_Coal_300_RC-ep-1228,2013,2038,0.0
Anhui-EP_Coal_300_RC-ep-1229,2013,2038,0.0
Anhui-EP_Coal_600_OT-ep-1168,2008,2038,0.0
Anhui-EP_Coal_600_OT-ep-1169,2008,2038,0.0
Anhui-EP_Coal_600_OT-ep-1170,2008,2038,0.0
Anhui-EP_Coal_600_OT-ep-1171,2008,2038,0.0
Anhui-EP_Coal_600_OT-ep-1172,2012,2038,0.0
Anhui-EP_Coal_600_OT-ep-1172,2012,2048,0.0
Anhui-EP_Coal_600_OT-ep-1173,2012,2038,0.0
Anhui-EP_Coal_600_OT-ep-1173,2012,2048,0.0
Anhui-EP_Coal_600_OT-ep-1174,2011,2038,0.0
Anhui-EP_Coal_600_OT-ep-1174,2011,2048,0.0
Anhui-EP_Coal_600_OT-ep-1175,2010,2038,0.0
Anhui-EP_Coal_600_OT-ep-1175,2010,2048,0.0
Anhui-EP_Coal_600_OT-ep-1194,2008,2038,0.0
Anhui-EP_Coal_600_OT-ep-1195,2008,2038,0.0
Anhui-EP_Coal_600_RC-ep-1158,2015,2038,0.0
Anhui-EP_Coal_600_RC-ep-1158,2015,2048,0.0
Anhui-EP_Coal_600_RC-ep-1159,2013,2038,0.0
Anhui-EP_Coal_600_RC-ep-1159,2013,2048,0.0
Anhui-EP_Coal_600_RC-ep-1160,2013,2038,0.0
Anhui-EP_Coal_600_RC-ep-1160,2013,2048,0.0
Anhui-EP_Coal_600_RC-ep-1161,2014,2038,0.0
Anhui-EP_Coal_600_RC-ep-1161,2014,2048,0.0
Anhui-EP_Coal_600_RC-ep-1162,2013,2038,0.0
Anhui-EP_Coal_600_RC-ep-1162,2013,2048,0.0
Anhui-EP_Coal_600_RC-ep-1163,2014,2038,0.0
Anhui-EP_Coal_600_RC-ep-1163,2014,2048,0.0
Anhui-EP_Coal_600_RC-ep-1164,2013,2038,0.0
Anhui-EP_Coal_600_RC-ep-1164,2013,2048,0.0
Anhui-EP_Coal_600_RC-ep-1165,2014,2038,0.0
Anhui-EP_Coal_600_RC-ep-1165,2014,2048,0.0
Anhui-EP_Coal_600_RC-ep-1166,2014,2038,0.0
Anhui-EP_Coal_600_RC-ep-1166,2014,2048,0.0
Anhui-EP_Coal_600_RC-ep-1167,2015,2038,0.0
Anhui-EP_Coal_600_RC-ep-1167,2015,2048,0.0
Anhui-EP_Coal_600_RC-ep-1176,2006,2038,0.0
Anhui-EP_Coal_600_RC-ep-1177,2006,2038,0.0
Anhui-EP_Coal_600_RC-ep-1178,2007,2038,0.0
Anhui-EP_Coal_600_RC-ep-1179,2007,2038,0.0
Anhui-EP_Coal_600_RC-ep-1180,2007,2038,0.0
Anhui-EP_Coal_600_RC-ep-1181,2007,2038,0.0
Anhui-EP_Coal_600_RC-ep-1182,2007,2038,0.0
Anhui-EP_Coal_600_RC-ep-1183,2007,2038,0.0
Anhui-EP_Coal_600_RC-ep-1184,2007,2038,0.0
Anhui-EP_Coal_600_RC-ep-1185,2007,2038,0.0
Anhui-EP_Coal_600_RC-ep-1186,2009,2038,0.0
Anhui-EP_Coal_600_RC-ep-1186,2009,2048,0.0
Anhui-EP_Coal_600_RC-ep-1187,2008,2038,0.0
Anhui-EP_Coal_600_RC-ep-1188,2007,2038,0.0
Anhui-EP_Coal_600_RC-ep-1189,2007,2038,0.0
Anhui-EP_Coal_600_RC-ep-1190,2008,2038,0.0
Anhui-EP_Coal_600_RC-ep-1191,2008,2038,0.0
Anhui-EP_Coal_600_RC-ep-1196,2008,2038,0.0
Anhui-EP_Coal_600_RC-ep-1197,2008,2038,0.0
Anhui-EP_Coal_600_RC-ep-1198,2008,2038,0.0
Anhui-EP_Coal_600_RC-ep-3097,2017,2038,0.0
Anhui-EP_Coal_600_RC-ep-3097,2017,2048,0.0
Anhui-EP_Coal_600_RC-ep-3098,2017,2038,0.0
Anhui-EP_Coal_600_RC-ep-3098,2017,2048,0.0
Anhui-EP_Coal_600_RC-ep-3099,2018,2038,0.0
Anhui-EP_Coal_600_RC-ep-3099,2018,2048,0.0
Anhui-EP_Coal_600_RC-ep-3100,2018,2038,0.0
Anhui-EP_Coal_600_RC-ep-3100,2018,2048,0.0
Anhui-Gas_CCGT_OT-12113,2038,2038,-0.0
Anhui-Gas_CCGT_OT-12113,2038,2048,0.0
Anhui-Gas_CCGT_OT-12113,2048,2048,-0.0
Anhui-Gas_CCGT_RC-12123,2038,2038,-0.0
Anhui-Gas_CCGT_RC-12123,2038,2048,0.0
Anhui-Gas_CCGT_RC-12123,2048,2048,-0.0
Anhui-Gas_CCGT_RC-12133,2038,2038,-0.0
Anhui-Gas_CCGT_RC-12133,2038,2048,-0.0
Anhui-Gas_CCGT_RC-12133,2048,2048,0.0
Anhui-Gas_Combustion_Turbine_RC-13107,2038,2038,-0.0
Anhui-Gas_Combustion_Turbine_RC-13107,2038,2048,0.0
Anhui-Gas_Combustion_Turbine_RC-13107,2048,2048,-0.0
Anhui-Hydro_NonPumped-ep-30001,1981,2038,4.615934344949881
Anhui-Hydro_NonPumped-ep-30001,1981,2048,4.615934344949881
Anhui-Hydro_NonPumped-ep-30032,1982,2038,2.952911309173519
Anhui-Hydro_NonPumped-ep-30032,1982,2048,2.952911309173519
Anhui-Hydro_NonPumped-ep-30063,1983,2038,3.441846515049745
Anhui-Hydro_NonPumped-ep-30063,1983,2048,3.441846515049745
Anhui-Hydro_NonPumped-ep-30094,1984,2038,4.130215818059682
Anhui-Hydro_NonPumped-ep-30094,1984,2048,4.130215818059682
Anhui-Hydro_NonPumped-ep-30125,1985,2038,2.351392338786311
Anhui-Hydro_NonPumped-ep-30125,1985,2048,2.351392338786311
Anhui-Hydro_NonPumped-ep-30156,1986,2038,3.210245628055739
Anhui-Hydro_NonPumped-ep-30156,1986,2048,3.210245628055739
Anhui-Hydro_NonPumped-ep-30187,1987,2038,7.597795764997629
Anhui-Hydro_NonPumped-ep-30187,1987,2048,7.597795764997629
Anhui-Hydro_NonPumped-ep-30218,1988,2038,7.198927570730199
Anhui-Hydro_NonPumped-ep-30218,1988,2048,7.198927570730199
Anhui-Hydro_NonPumped-ep-30249,1989,2038,5.391153980582581
Anhui-Hydro_NonPumped-ep-30249,1989,2048,5.391153980582581
Anhui-Hydro_NonPumped-ep-30280,1990,2038,4.213849471696415
Anhui-Hydro_NonPumped-ep-30280,1990,2048,4.213849471696415
Anhui-Hydro_NonPumped-ep-30311,1991,2038,5.246403426211335
Anhui-Hydro_NonPumped-ep-30311,1991,2048,5.246403426211335
Anhui-Hydro_NonPumped-ep-30342,1992,2038,8.028830749125403
Anhui-Hydro_NonPumped-ep-30342,1992,2048,8.028830749125403
Anhui-Hydro_NonPumped-ep-30373,1993,2038,11.21334294529282
Anhui-Hydro_NonPumped-ep-30373,1993,2048,11.21334294529282
Anhui-Hydro_NonPumped-ep-30404,1994,2038,12.81846575932077
Anhui-Hydro_NonPumped-ep-30404,1994,2048,12.81846575932077
Anhui-Hydro_NonPumped-ep-30435,1995,2038,8.945584260143383
Anhui-Hydro_NonPumped-ep-30435,1995,2048,8.945584260143383
Anhui-Hydro_NonPumped-ep-30466,1996,2038,9.7497540066502
Anhui-Hydro_NonPumped-ep-30466,1996,2048,9.7497540066502
Anhui-Hydro_NonPumped-ep-30497,1997,2038,11.90171224830279
Anhui-Hydro_NonPumped-ep-30497,1997,2048,11.90171224830279
Anhui-Hydro_NonPumped-ep-30528,1998,2038,15.2856585416041
Anhui-Hydro_NonPumped-ep-30528,1998,2048,15.2856585416041
Anhui-Hydro_NonPumped-ep-30605,2001,2038,8.324765215839873
Anhui-Hydro_NonPumped-ep-30605,2001,2048,8.324765215839873
Anhui-Hydro_NonPumped-ep-30628,2002,2038,12.96643299267811
Anhui-Hydro_NonPumped-ep-30628,2002,2048,12.96643299267811
Anhui-Hydro_NonPumped-ep-30651,2003,2038,10.87559165175997
Anhui-Hydro_NonPumped-ep-30651,2003,2048,10.87559165175997
Anhui-Hydro_NonPumped-ep-30674,2004,2038,12.86671594411117
Anhui-Hydro_NonPumped-ep-30674,2004,2048,12.86671594411117
Anhui-Hydro_NonPumped-ep-30722,2005,2038,16.08339493013889
Anhui-Hydro_NonPumped-ep-30722,2005,2048,16.08339493013889
Anhui-Hydro_NonPumped-ep-30745,2006,2038,83.63365363672155
Anhui-Hydro_NonPumped-ep-30745,2006,2048,83.63365363672155
Anhui-Hydro_NonPumped-ep-30768,2007,2038,164.0506282874183
Anhui-Hydro_NonPumped-ep-30768,2007,2048,164.0506282874183
Anhui-Hydro_NonPumped-ep-30792,2008,2038,16.08339493013889
Anhui-Hydro_NonPumped-ep-30792,2008,2048,16.08339493013889
Anhui-Hydro_NonPumped-ep-30812,2009,2038,19.30007391616681
Anhui-Hydro_NonPumped-ep-30812,2009,2048,19.30007391616681
Anhui-Hydro_NonPumped-ep-30837,2010,2038,22.5167529021944
Anhui-Hydro_NonPumped-ep-30837,2010,2048,22.5167529021944
Anhui-Hydro_NonPumped-ep-30866,2012,2038,248.7457859895289
Anhui-Hydro_NonPumped-ep-30866,2012,2048,248.7457859895289
Anhui-Hydro_NonPumped-ep-30903,2015,2038,10.67937423361221
Anhui-Hydro_NonPumped-ep-30903,2015,2048,10.67937423361221
Anhui-Hydro_NonPumped-ep-30915,2016,2038,13.05971668327281
Anhui-Hydro_NonPumped-ep-30915,2016,2048,13.05971668327281
Anhui-Hydro_NonPumped-ep-30934,2013,2038,13.28488421229472
Anhui-Hydro_NonPumped-ep-30934,2013,2048,13.28488421229472
Anhui-Hydro_NonPumped-ep-30947,2017,2038,47.89635010195384
Anhui-Hydro_NonPumped-ep-30947,2017,2048,47.89635010195384
Anhui-Hydro_NonPumped-ep-30975,2014,2038,20.10424366267377
Anhui-Hydro_NonPumped-ep-30975,2014,2048,20.10424366267377
Anhui-Hydro_NonPumped-ep-30994,2011,2038,100.2960507843475
Anhui-Hydro_NonPumped-ep-30994,2011,2048,100.2960507843475
Anhui-Hydro_Pumped-ep-35020,2000,2038,34.77785990685195
Anhui-Hydro_Pumped-ep-35020,2000,2048,0.0
Anhui-Hydro_Pumped-ep-35027,2007,2038,260.8339493013883
Anhui-Hydro_Pumped-ep-35027,2007,2048,0.0
Anhui-Hydro_Pumped-ep-35039,2020,2038,782.5018479041674
Anhui-Hydro_Pumped-ep-35039,2020,2048,0.0
Anhui-Hydro_Pumped-ep-35040,2020,2038,521.6678986027794
Anhui-Hydro_Pumped-ep-35040,2020,2048,0.0
Anhui-Nuclear_SMR-13106,2038,2038,0.0
Anhui-Nuclear_SMR-13106,2038,2048,0.0
Anhui-Nuclear_SMR-13106,2048,2048,0.0
Anhui-Residential_PV-201,2038,2038,0.0
Anhui-Residential_PV-201,2038,2048,0.0
Anhui-Residential_PV-201,2048,2048,0.0
Anhui-Residential_PV-202,2038,2038,0.0
Anhui-Residential_PV-202,2038,2048,0.0
Anhui-Residential_PV-202,2048,2048,0.0
Anhui-Residential_PV-203,2038,2038,0.0
Anhui-Residential_PV-203,2038,2048,0.0
Anhui-Residential_PV-203,2048,2048,0.0
Anhui-Residential_PV-204,2038,2038,0.0
Anhui-Residential_PV-204,2038,2048,0.0
Anhui-Residential_PV-204,2048,2048,0.0
Anhui-Wind-1081,2038,2038,0.0
Anhui-Wind-1081,2038,2048,0.0
Anhui-Wind-1081,2048,2048,0.0
Anhui-Wind-1082,2038,2038,0.0
Anhui-Wind-1082,2038,2048,0.0
Anhui-Wind-1082,2048,2048,0.0
Anhui-Wind-1083,2038,2038,0.0
Anhui-Wind-1083,2038,2048,0.0
Anhui-Wind-1083,2048,2048,0.0
Anhui-Wind-1155,2038,2038,0.0
Anhui-Wind-1155,2038,2048,0.0
Anhui-Wind-1155,2048,2048,0.0
Anhui-Wind-1158,2038,2038,0.0
Anhui-Wind-1158,2038,2048,0.0
Anhui-Wind-1158,2048,2048,0.0
Anhui-Wind_EP-ep-40078,2012,2038,0.0
Anhui-Wind_EP-ep-40103,2013,2038,0.0
Anhui-Wind_EP-ep-40131,2014,2038,0.0
Anhui-Wind_EP-ep-40160,2015,2038,0.0
Anhui-Wind_EP-ep-40186,2016,2038,0.0
Anhui-Wind_EP-ep-40214,2017,2038,0.0
Anhui-Wind_EP-ep-40256,2011,2038,0.0
Anhui_Fuel_Cell,2038,2038,-0.0
Anhui_Fuel_Cell,2038,2048,0.0
Anhui_Fuel_Cell,2048,2048,-0.0
Fujian-Battery_Storage-11178,2038,2038,0.0
Fujian-Battery_Storage-11178,2038,2048,0.0
Fujian-Battery_Storage-11178,2048,2048,0.0
Fujian-Central_PV-407,2038,2038,0.0
Fujian-Central_PV-407,2038,2048,0.0
Fujian-Central_PV-407,2048,2048,0.0
Fujian-Central_PV-408,2038,2038,0.0
Fujian-Central_PV-408,2038,2048,0.0
Fujian-Central_PV-408,2048,2048,0.0
Fujian-Central_PV-409,2038,2038,0.0
Fujian-Central_PV-409,2038,2048,0.0
Fujian-Central_PV-409,2048,2048,0.0
Fujian-Central_PV-410,2038,2038,0.0
Fujian-Central_PV-410,2038,2048,0.0
Fujian-Central_PV-410,2048,2048,0.0
Fujian-Central_PV-411,2038,2038,0.0
Fujian-Central_PV-411,2038,2048,0.0
Fujian-Central_PV-411,2048,2048,0.0
Fujian-Central_PV-600,2038,2038,0.0
Fujian-Central_PV-600,2038,2048,0.0
Fujian-Central_PV-600,2048,2048,0.0
Fujian-Central_PV_EP-ep-50028,2013,2038,0.0
Fujian-Central_PV_EP-ep-50057,2014,2038,0.0
Fujian-Central_PV_EP-ep-50086,2015,2038,0.0
Fujian-Central_PV_EP-ep-50116,2016,2038,0.0
Fujian-Central_PV_EP-ep-50147,2017,2038,0.0
Fujian-Central_PV_EP-ep-50175,2011,2038,0.0
Fujian-Coal_1000_OT-12153,2038,2038,-0.0
Fujian-Coal_1000_OT-12153,2038,2048,-0.0
Fujian-Coal_1000_OT-12153,2048,2048,0.0
Fujian-Coal_1000_OT-12153_CCS,2038,2038,-0.0
Fujian-Coal_1000_OT-12153_CCS,2038,2048,0.0
Fujian-Coal_1000_OT-12153_CCS,2048,2048,0.0
Fujian-Coal_1000_OT-12153_H2,2038,2038,0.0
Fujian-Coal_1000_OT-12153_H2,2038,2048,0.0
Fujian-Coal_1000_OT-12153_H2,2048,2048,0.0
Fujian-Coal_1000_RC-12135,2038,2038,-0.0
Fujian-Coal_1000_RC-12135,2038,2048,0.0
Fujian-Coal_1000_RC-12135,2048,2048,0.0
Fujian-Coal_1000_RC-12135_CCS,2038,2038,-0.0
Fujian-Coal_1000_RC-12135_CCS,2038,2048,0.0
Fujian-Coal_1000_RC-12135_CCS,2048,2048,0.0
Fujian-Coal_1000_RC-12135_H2,2038,2038,-0.0
Fujian-Coal_1000_RC-12135_H2,2038,2048,0.0
Fujian-Coal_1000_RC-12135_H2,2048,2048,0.0
Fujian-Coal_1000_RC-12161,2038,2038,-0.0
Fujian-Coal_1000_RC-12161,2038,2048,0.0
Fujian-Coal_1000_RC-12161,2048,2048,0.0
Fujian-Coal_1000_RC-12161_CCS,2038,2038,-0.0
Fujian-Coal_1000_RC-12161_CCS,2038,2048,0.0
Fujian-Coal_1000_RC-12161_CCS,2048,2048,0.0
Fujian-Coal_1000_RC-12161_H2,2038,2038,-0.0
Fujian-Coal_1000_RC-12161_H2,2038,2048,0.0
Fujian-Coal_1000_RC-12161_H2,2048,2048,0.0
Fujian-Coal_1000_RC-12171,2038,2038,-0.0
Fujian-Coal_1000_RC-12171,2038,2048,0.0
Fujian-Coal_1000_RC-12171,2048,2048,0.0
Fujian-Coal_1000_RC-12171_CCS,2038,2038,-0.0
Fujian-Coal_1000_RC-12171_CCS,2038,2048,0.0
Fujian-Coal_1000_RC-12171_CCS,2048,2048,0.0
Fujian-Coal_1000_RC-12171_H2,2038,2038,-0.0
Fujian-Coal_1000_RC-12171_H2,2038,2048,0.0
Fujian-Coal_1000_RC-12171_H2,2048,2048,0.0
Fujian-Coal_1000_SEA-12145,2038,2038,-0.0
Fujian-Coal_1000_SEA-12145,2038,2048,0.0
Fujian-Coal_1000_SEA-12145,2048,2048,0.0
Fujian-Coal_1000_SEA-12145_CCS,2038,2038,-0.0
Fujian-Coal_1000_SEA-12145_CCS,2038,2048,0.0
Fujian-Coal_1000_SEA-12145_CCS,2048,2048,0.0
Fujian-Coal_1000_SEA-12145_H2,2038,2038,-0.0
Fujian-Coal_1000_SEA-12145_H2,2038,2048,0.0
Fujian-Coal_1000_SEA-12145_H2,2048,2048,0.0
Fujian-Coal_1000_SEA-12181,2038,2038,-0.0
Fujian-Coal_1000_SEA-12181,2038,2048,-0.0
Fujian-Coal_1000_SEA-12181,2048,2048,0.0
Fujian-Coal_1000_SEA-12181_CCS,2038,2038,-0.0
Fujian-Coal_1000_SEA-12181_CCS,2038,2048,0.0
Fujian-Coal_1000_SEA-12181_CCS,2048,2048,0.0
Fujian-Coal_1000_SEA-12181_H2,2038,2038,0.0
Fujian-Coal_1000_SEA-12181_H2,2038,2048,0.0
Fujian-Coal_1000_SEA-12181_H2,2048,2048,0.0
Fujian-Coal_300_OT-12157,2038,2038,-0.0
Fujian-Coal_300_OT-12157,2038,2048,0.0
Fujian-Coal_300_OT-12157,2048,2048,0.0
Fujian-Coal_300_OT-12157_CCS,2038,2038,-0.0
Fujian-Coal_300_OT-12157_CCS,2038,2048,0.0
Fujian-Coal_300_OT-12157_CCS,2048,2048,0.0
Fujian-Coal_300_OT-12157_H2,2038,2038,-0.0
Fujian-Coal_300_OT-12157_H2,2038,2048,0.0
Fujian-Coal_300_OT-12157_H2,2048,2048,0.0
Fujian-Coal_300_RC-12139,2038,2038,-0.0
Fujian-Coal_300_RC-12139,2038,2048,0.0
Fujian-Coal_300_RC-12139,2048,2048,0.0
Fujian-Coal_300_RC-12139_CCS,2038,2038,-0.0
Fujian-Coal_300_RC-12139_CCS,2038,2048,0.0
Fujian-Coal_300_RC-12139_CCS,2048,2048,0.0
Fujian-Coal_300_RC-12139_H2,2038,2038,-0.0
Fujian-Coal_300_RC-12139_H2,2038,2048,0.0
Fujian-Coal_300_RC-12139_H2,2048,2048,0.0
Fujian-Coal_300_RC-12165,2038,2038,-0.0
Fujian-Coal_300_RC-12165,2038,2048,0.0
Fujian-Coal_300_RC-12165,2048,2048,0.0
Fujian-Coal_300_RC-12165_CCS,2038,2038,-0.0
Fujian-Coal_300_RC-12165_CCS,2038,2048,0.0
Fujian-Coal_300_RC-12165_CCS,2048,2048,0.0
Fujian-Coal_300_RC-12165_H2,2038,2038,-0.0
Fujian-Coal_300_RC-12165_H2,2038,2048,0.0
Fujian-Coal_300_RC-12165_H2,2048,2048,0.0
Fujian-Coal_300_RC-12175,2038,2038,-0.0
Fujian-Coal_300_RC-12175,2038,2048,0.0
Fujian-Coal_300_RC-12175,2048,2048,0.0
Fujian-Coal_300_RC-12175_CCS,2038,2038,-0.0
Fujian-Coal_300_RC-12175_CCS,2038,2048,0.0
Fujian-Coal_300_RC-12175_CCS,2048,2048,0.0
Fujian-Coal_300_RC-12175_H2,2038,2038,-0.0
Fujian-Coal_300_RC-12175_H2,2038,2048,0.0
Fujian-Coal_300_RC-12175_H2,2048,2048,0.0
Fujian-Coal_300_SEA-12149,2038,2038,-0.0
Fujian-Coal_300_SEA-12149,2038,2048,0.0
Fujian-Coal_300_SEA-12149,2048,2048,0.0
Fujian-Coal_300_SEA-12149_CCS,2038,2038,-0.0
Fujian-Coal_300_SEA-12149_CCS,2038,2048,0.0
Fujian-Coal_300_SEA-12149_CCS,2048,2048,0.0
Fujian-Coal_300_SEA-12149_H2,2038,2038,-0.0
Fujian-Coal_300_SEA-12149_H2,2038,2048,0.0
Fujian-Coal_300_SEA-12149_H2,2048,2048,0.0
Fujian-Coal_300_SEA-12185,2038,2038,-0.0
Fujian-Coal_300_SEA-12185,2038,2048,0.0
Fujian-Coal_300_SEA-12185,2048,2048,0.0
Fujian-Coal_300_SEA-12185_CCS,2038,2038,-0.0
Fujian-Coal_300_SEA-12185_CCS,2038,2048,0.0
Fujian-Coal_300_SEA-12185_CCS,2048,2048,0.0
Fujian-Coal_300_SEA-12185_H2,2038,2038,-0.0
Fujian-Coal_300_SEA-12185_H2,2038,2048,0.0
Fujian-Coal_300_SEA-12185_H2,2048,2048,0.0
Fujian-Coal_600_OT-12155,2038,2038,-0.0
Fujian-Coal_600_OT-12155,2038,2048,0.0
Fujian-Coal_600_OT-12155,2048,2048,0.0
Fujian-Coal_600_OT-12155_CCS,2038,2038,-0.0
Fujian-Coal_600_OT-12155_CCS,2038,2048,0.0
Fujian-Coal_600_OT-12155_CCS,2048,2048,0.0
Fujian-Coal_600_OT-12155_H2,2038,2038,-0.0
Fujian-Coal_600_OT-12155_H2,2038,2048,0.0
Fujian-Coal_600_OT-12155_H2,2048,2048,0.0
Fujian-Coal_600_RC-12137,2038,2038,-0.0
Fujian-Coal_600_RC-12137,2038,2048,0.0
Fujian-Coal_600_RC-12137,2048,2048,0.0
Fujian-Coal_600_RC-12137_CCS,2038,2038,-0.0
Fujian-Coal_600_RC-12137_CCS,2038,2048,0.0
Fujian-Coal_600_RC-12137_CCS,2048,2048,0.0
Fujian-Coal_600_RC-12137_H2,2038,2038,-0.0
Fujian-Coal_600_RC-12137_H2,2038,2048,0.0
Fujian-Coal_600_RC-12137_H2,2048,2048,0.0
Fujian-Coal_600_RC-12163,2038,2038,-0.0
Fujian-Coal_600_RC-12163,2038,2048,0.0
Fujian-Coal_600_RC-12163,2048,2048,0.0
Fujian-Coal_600_RC-12163_CCS,2038,2038,-0.0
Fujian-Coal_600_RC-12163_CCS,2038,2048,0.0
Fujian-Coal_600_RC-12163_CCS,2048,2048,0.0
Fujian-Coal_600_RC-12163_H2,2038,2038,-0.0
Fujian-Coal_600_RC-12163_H2,2038,2048,0.0
Fujian-Coal_600_RC-12163_H2,2048,2048,0.0
Fujian-Coal_600_RC-12173,2038,2038,-0.0
Fujian-Coal_600_RC-12173,2038,2048,0.0
Fujian-Coal_600_RC-12173,2048,2048,0.0
Fujian-Coal_600_RC-12173_CCS,2038,2038,-0.0
Fujian-Coal_600_RC-12173_CCS,2038,2048,0.0
Fujian-Coal_600_RC-12173_CCS,2048,2048,0.0
Fujian-Coal_600_RC-12173_H2,2038,2038,-0.0
Fujian-Coal_600_RC-12173_H2,2038,2048,0.0
Fujian-Coal_600_RC-12173_H2,2048,2048,0.0
Fujian-Coal_600_SEA-12147,2038,2038,-0.0
Fujian-Coal_600_SEA-12147,2038,2048,0.0
Fujian-Coal_600_SEA-12147,2048,2048,0.0
Fujian-Coal_600_SEA-12147_CCS,2038,2038,-0.0
Fujian-Coal_600_SEA-12147_CCS,2038,2048,0.0
Fujian-Coal_600_SEA-12147_CCS,2048,2048,0.0
Fujian-Coal_600_SEA-12147_H2,2038,2038,-0.0
Fujian-Coal_600_SEA-12147_H2,2038,2048,0.0
Fujian-Coal_600_SEA-12147_H2,2048,2048,0.0
Fujian-Coal_600_SEA-12183,2038,2038,-0.0
Fujian-Coal_600_SEA-12183,2038,2048,0.0
Fujian-Coal_600_SEA-12183,2048,2048,0.0
Fujian-Coal_600_SEA-12183_CCS,2038,2038,-0.0
Fujian-Coal_600_SEA-12183_CCS,2038,2048,0.0
Fujian-Coal_600_SEA-12183_CCS,2048,2048,0.0
Fujian-Coal_600_SEA-12183_H2,2038,2038,-0.0
Fujian-Coal_600_SEA-12183_H2,2038,2048,0.0
Fujian-Coal_600_SEA-12183_H2,2048,2048,0.0
Fujian-Coal_IGCC_RC-12141,2038,2038,-0.0
Fujian-Coal_IGCC_RC-12141,2038,2048,0.0
Fujian-Coal_IGCC_RC-12141,2048,2048,0.0
Fujian-Coal_IGCC_RC-12141_CCS,2038,2038,-0.0
Fujian-Coal_IGCC_RC-12141_CCS,2038,2048,0.0
Fujian-Coal_IGCC_RC-12141_CCS,2048,2048,0.0
Fujian-Coal_IGCC_RC-12141_H2,2038,2038,-0.0
Fujian-Coal_IGCC_RC-12141_H2,2038,2048,0.0
Fujian-Coal_IGCC_RC-12141_H2,2048,2048,0.0
Fujian-Coal_IGCC_RC-12167,2038,2038,-0.0
Fujian-Coal_IGCC_RC-12167,2038,2048,0.0
Fujian-Coal_IGCC_RC-12167,2048,2048,0.0
Fujian-Coal_IGCC_RC-12167_CCS,2038,2038,-0.0
Fujian-Coal_IGCC_RC-12167_CCS,2038,2048,0.0
Fujian-Coal_IGCC_RC-12167_CCS,2048,2048,0.0
Fujian-Coal_IGCC_RC-12167_H2,2038,2038,-0.0
Fujian-Coal_IGCC_RC-12167_H2,2038,2048,0.0
Fujian-Coal_IGCC_RC-12167_H2,2048,2048,0.0
Fujian-Coal_IGCC_RC-12177,2038,2038,-0.0
Fujian-Coal_IGCC_RC-12177,2038,2048,0.0
Fujian-Coal_IGCC_RC-12177,2048,2048,0.0
Fujian-Coal_IGCC_RC-12177_CCS,2038,2038,-0.0
Fujian-Coal_IGCC_RC-12177_CCS,2038,2048,0.0
Fujian-Coal_IGCC_RC-12177_CCS,2048,2048,0.0
Fujian-Coal_IGCC_RC-12177_H2,2038,2038,-0.0
Fujian-Coal_IGCC_RC-12177_H2,2038,2048,0.0
Fujian-Coal_IGCC_RC-12177_H2,2048,2048,0.0
Fujian-Commercial_PV-10,2038,2038,0.0
Fujian-Commercial_PV-10,2038,2048,0.0
Fujian-Commercial_PV-10,2048,2048,0.0
Fujian-Commercial_PV-11,2038,2038,0.0
Fujian-Commercial_PV-11,2038,2048,0.0
Fujian-Commercial_PV-11,2048,2048,0.0
Fujian-Commercial_PV-200,2038,2038,0.0
Fujian-Commercial_PV-200,2038,2048,0.0
Fujian-Commercial_PV-200,2048,2048,0.0
Fujian-Commercial_PV-7,2038,2038,0.0
Fujian-Commercial_PV-7,2038,2048,0.0
Fujian-Commercial_PV-7,2048,2048,0.0
Fujian-Commercial_PV-8,2038,2038,0.0
Fujian-Commercial_PV-8,2038,2048,0.0
Fujian-Commercial_PV-8,2048,2048,0.0
Fujian-Commercial_PV-9,2038,2038,0.0
Fujian-Commercial_PV-9,2038,2048,0.0
Fujian-Commercial_PV-9,2048,2048,0.0
Fujian-EP_Coal_1000_SEA-ep-1246,2015,2038,0.0
Fujian-EP_Coal_1000_SEA-ep-1246,2015,2048,0.0
Fujian-EP_Coal_1000_SEA-ep-1247,2015,2038,0.0
Fujian-EP_Coal_1000_SEA-ep-1247,2015,2048,0.0
Fujian-EP_Coal_1000_SEA-ep-3101,2017,2038,0.0
Fujian-EP_Coal_1000_SEA-ep-3101,2017,2048,0.0
Fujian-EP_Coal_1000_SEA-ep-3102,2017,2038,0.0
Fujian-EP_Coal_1000_SEA-ep-3102,2017,2048,0.0
Fujian-EP_Coal_300_RC-ep-1290,2011,2038,300.0
Fujian-EP_Coal_300_RC-ep-1291,2011,2038,300.0
Fujian-EP_Coal_300_RC-ep-1298,2012,2038,300.0
Fujian-EP_Coal_300_RC-ep-1299,2011,2038,300.0
Fujian-EP_Coal_300_RC-ep-1300,2010,2038,300.0
Fujian-EP_Coal_300_RC-ep-1301,2009,2038,300.0
Fujian-EP_Coal_300_SEA-ep-1292,2006,2038,300.0
Fujian-EP_Coal_300_SEA-ep-1293,2005,2038,300.0
Fujian-EP_Coal_300_SEA-ep-1294,2007,2038,300.0
Fujian-EP_Coal_300_SEA-ep-1295,2006,2038,300.0
Fujian-EP_Coal_600_OT-ep-1253,2010,2038,0.0
Fujian-EP_Coal_600_OT-ep-1253,2010,2048,0.0
Fujian-EP_Coal_600_OT-ep-1254,2010,2038,0.0
Fujian-EP_Coal_600_OT-ep-1254,2010,2048,0.0
Fujian-EP_Coal_600_SEA-ep-1249,2012,2038,175.731447051985
Fujian-EP_Coal_600_SEA-ep-1249,2012,2048,0.0
Fujian-EP_Coal_600_SEA-ep-1250,2011,2038,0.0
Fujian-EP_Coal_600_SEA-ep-1250,2011,2048,0.0
Fujian-EP_Coal_600_SEA-ep-1251,2009,2038,0.0
Fujian-EP_Coal_600_SEA-ep-1251,2009,2048,0.0
Fujian-EP_Coal_600_SEA-ep-1252,2009,2038,0.0
Fujian-EP_Coal_600_SEA-ep-1252,2009,2048,0.0
Fujian-EP_Coal_600_SEA-ep-1255,2006,2038,0.0
Fujian-EP_Coal_600_SEA-ep-1256,2006,2038,0.0
Fujian-EP_Coal_600_SEA-ep-1257,2008,2038,0.0
Fujian-EP_Coal_600_SEA-ep-1258,2008,2038,0.0
Fujian-EP_Coal_600_SEA-ep-1259,2006,2038,0.0
Fujian-EP_Coal_600_SEA-ep-1260,2006,2038,0.0
Fujian-EP_Coal_600_SEA-ep-1261,2011,2038,0.0
Fujian-EP_Coal_600_SEA-ep-1261,2011,2048,0.0
Fujian-EP_Coal_600_SEA-ep-1262,2011,2038,0.0
Fujian-EP_Coal_600_SEA-ep-1262,2011,2048,0.0
Fujian-EP_Coal_600_SEA-ep-1263,2007,2038,600.0
Fujian-EP_Coal_600_SEA-ep-1264,2007,2038,0.0
Fujian-EP_Coal_600_SEA-ep-1265,2008,2038,0.0
Fujian-EP_Coal_600_SEA-ep-1266,2004,2038,600.0
Fujian-EP_Coal_600_SEA-ep-1267,2003,2038,0.0
Fujian-EP_Coal_600_SEA-ep-1268,2002,2038,0.0
Fujian-EP_Coal_600_SEA-ep-1269,2001,2038,0.0
Fujian-EP_Coal_600_SEA-ep-1270,2000,2038,0.0
Fujian-EP_Coal_600_SEA-ep-1271,1999,2038,0.0
Fujian-Gas_CCGT_OT-12159,2038,2038,-0.0
Fujian-Gas_CCGT_OT-12159,2038,2048,0.0
Fujian-Gas_CCGT_OT-12159,2048,2048,0.0
Fujian-Gas_CCGT_RC-12143,2038,2038,-0.0
Fujian-Gas_CCGT_RC-12143,2038,2048,0.0
Fujian-Gas_CCGT_RC-12143,2048,2048,0.0
Fujian-Gas_CCGT_RC-12169,2038,2038,-0.0
Fujian-Gas_CCGT_RC-12169,2038,2048,0.0
Fujian-Gas_CCGT_RC-12169,2048,2048,0.0
Fujian-Gas_CCGT_RC-12179,2038,2038,-0.0
Fujian-Gas_CCGT_RC-12179,2038,2048,0.0
Fujian-Gas_CCGT_RC-12179,2048,2048,0.0
Fujian-Gas_CCGT_SEA-12151,2038,2038,-0.0
Fujian-Gas_CCGT_SEA-12151,2038,2048,0.0
Fujian-Gas_CCGT_SEA-12151,2048,2048,0.0
Fujian-Gas_CCGT_SEA-12187,2038,2038,-0.0
Fujian-Gas_CCGT_SEA-12187,2038,2048,0.0
Fujian-Gas_CCGT_SEA-12187,2048,2048,0.0
Fujian-Gas_Combustion_Turbine_RC-13124,2038,2038,-0.0
Fujian-Gas_Combustion_Turbine_RC-13124,2038,2048,0.0
Fujian-Gas_Combustion_Turbine_RC-13124,2048,2048,0.0
Fujian-Hydro_NonPumped-ep-30005,1981,2038,51.25041551551791
Fujian-Hydro_NonPumped-ep-30005,1981,2048,0.0
Fujian-Hydro_NonPumped-ep-30036,1982,2038,32.78912737286206
Fujian-Hydro_NonPumped-ep-30036,1982,2048,0.0
Fujian-Hydro_NonPumped-ep-30067,1983,2038,38.20176994874326
Fujian-Hydro_NonPumped-ep-30067,1983,2048,0.0
Fujian-Hydro_NonPumped-ep-30098,1984,2038,45.84212393849199
Fujian-Hydro_NonPumped-ep-30098,1984,2048,0.0
Fujian-Hydro_NonPumped-ep-30129,1985,2038,26.10164213240453
Fujian-Hydro_NonPumped-ep-30129,1985,2048,0.0
Fujian-Hydro_NonPumped-ep-30160,1986,2038,35.65208461959021
Fujian-Hydro_NonPumped-ep-30160,1986,2048,0.0
Fujian-Hydro_NonPumped-ep-30191,1987,2038,84.35716580481034
Fujian-Hydro_NonPumped-ep-30191,1987,2048,0.0
Fujian-Hydro_NonPumped-ep-30222,1988,2038,79.90174297707532
Fujian-Hydro_NonPumped-ep-30222,1988,2048,0.0
Fujian-Hydro_NonPumped-ep-30253,1989,2038,59.84798925341281
Fujian-Hydro_NonPumped-ep-30253,1989,2048,0.0
Fujian-Hydro_NonPumped-ep-30284,1990,2038,46.79499268778294
Fujian-Hydro_NonPumped-ep-30284,1990,2048,0.0
Fujian-Hydro_NonPumped-ep-30315,1991,2038,58.25552367240594
Fujian-Hydro_NonPumped-ep-30315,1991,2048,0.0
Fujian-Hydro_NonPumped-ep-30346,1992,2038,89.13456254783088
Fujian-Hydro_NonPumped-ep-30346,1992,2048,0.0
Fujian-Hydro_NonPumped-ep-30377,1993,2038,124.4690242509904
Fujian-Hydro_NonPumped-ep-30377,1993,2048,0.0
Fujian-Hydro_NonPumped-ep-30408,1994,2038,142.2950665607864
Fujian-Hydro_NonPumped-ep-30408,1994,2048,0.0
Fujian-Hydro_NonPumped-ep-30439,1995,2038,99.32025086787736
Fujian-Hydro_NonPumped-ep-30439,1995,2048,0.0
Fujian-Hydro_NonPumped-ep-30470,1996,2038,108.2310965233469
Fujian-Hydro_NonPumped-ep-30470,1996,2048,0.0
Fujian-Hydro_NonPumped-ep-30501,1997,2038,132.1093782407388
Fujian-Hydro_NonPumped-ep-30501,1997,2048,0.0
Fujian-Hydro_NonPumped-ep-30532,1998,2038,169.6715513577674
Fujian-Hydro_NonPumped-ep-30532,1998,2048,0.0
Fujian-Hydro_NonPumped-ep-30560,1999,2038,121.8279679458786
Fujian-Hydro_NonPumped-ep-30560,1999,2048,0.0
Fujian-Hydro_NonPumped-ep-30583,2000,2038,121.8279679458786
Fujian-Hydro_NonPumped-ep-30583,2000,2048,0.0
Fujian-Hydro_NonPumped-ep-30607,2001,2038,162.1573763348196
Fujian-Hydro_NonPumped-ep-30607,2001,2048,0.0
Fujian-Hydro_NonPumped-ep-30630,2002,2038,252.5493775518058
Fujian-Hydro_NonPumped-ep-30630,2002,2048,0.0
Fujian-Hydro_NonPumped-ep-30653,2003,2038,211.8370812636064
Fujian-Hydro_NonPumped-ep-30653,2003,2048,0.0
Fujian-Hydro_NonPumped-ep-30676,2004,2038,182.7419519188171
Fujian-Hydro_NonPumped-ep-30676,2004,2048,0.0
Fujian-Hydro_NonPumped-ep-30719,2012,2038,56.65000509483349
Fujian-Hydro_NonPumped-ep-30719,2012,2048,0.0
Fujian-Hydro_NonPumped-ep-30724,2005,2038,452.5038809418336
Fujian-Hydro_NonPumped-ep-30724,2005,2048,0.0
Fujian-Hydro_NonPumped-ep-30748,2006,2038,321.9739152855365
Fujian-Hydro_NonPumped-ep-30748,2006,2048,0.0
Fujian-Hydro_NonPumped-ep-30771,2007,2038,365.483903837636
Fujian-Hydro_NonPumped-ep-30771,2007,2048,0.0
Fujian-Hydro_NonPumped-ep-30794,2008,2038,339.3779107063751
Fujian-Hydro_NonPumped-ep-30794,2008,2048,0.0
Fujian-Hydro_NonPumped-ep-30814,2009,2038,174.0399542083984
Fujian-Hydro_NonPumped-ep-30814,2009,2048,0.0
Fujian-Hydro_NonPumped-ep-30839,2010,2038,56.56298511772921
Fujian-Hydro_NonPumped-ep-30839,2010,2048,0.0
Fujian-Hydro_NonPumped-ep-30880,2013,2038,639.8143816586223
Fujian-Hydro_NonPumped-ep-30880,2013,2048,0.0
Fujian-Hydro_NonPumped-ep-30895,2014,2038,11.96524685182731
Fujian-Hydro_NonPumped-ep-30895,2014,2048,0.0
Fujian-Hydro_NonPumped-ep-30904,2015,2038,51.08072656016482
Fujian-Hydro_NonPumped-ep-30904,2015,2048,0.0
Fujian-Hydro_NonPumped-ep-30918,2016,2038,17.53452538649604
Fujian-Hydro_NonPumped-ep-30918,2016,2048,0.0
Fujian-Hydro_NonPumped-ep-30950,2017,2038,15.31551597033905
Fujian-Hydro_NonPumped-ep-30950,2017,2048,0.0
Fujian-Hydro_NonPumped-ep-30995,2011,2038,61.69716376687697
Fujian-Hydro_NonPumped-ep-30995,2011,2048,0.0
Fujian-Hydro_Pumped-ep-35041,2020,2038,0.0
Fujian-Hydro_Pumped-ep-35041,2020,2048,0.0
Fujian-Nuclear_EP_SEA-ep-3103,2020,2038,0.0
Fujian-Nuclear_EP_SEA-ep-3103,2020,2048,0.0
Fujian-Nuclear_EP_SEA-ep-3104,2020,2038,0.0
Fujian-Nuclear_EP_SEA-ep-3104,2020,2048,0.0
Fujian-Nuclear_EP_SEA-ep-60016,2013,2038,0.0
Fujian-Nuclear_EP_SEA-ep-60016,2013,2048,0.0
Fujian-Nuclear_EP_SEA-ep-60021,2014,2038,0.0
Fujian-Nuclear_EP_SEA-ep-60021,2014,2048,0.0
Fujian-Nuclear_EP_SEA-ep-60022,2014,2038,0.0
Fujian-Nuclear_EP_SEA-ep-60022,2014,2048,0.0
Fujian-Nuclear_SEA-13125,2038,2038,0.0
Fujian-Nuclear_SEA-13125,2038,2048,0.0
Fujian-Nuclear_SEA-13125,2048,2048,0.0
Fujian-Nuclear_SEA-13130,2038,2038,0.0
Fujian-Nuclear_SEA-13130,2038,2048,0.0
Fujian-Nuclear_SEA-13130,2048,2048,0.0
Fujian-Nuclear_SMR-13123,2038,2038,0.0
Fujian-Nuclear_SMR-13123,2038,2048,0.0
Fujian-Nuclear_SMR-13123,2048,2048,0.0
Fujian-Offshore_Wind-13118,2038,2038,0.0
Fujian-Offshore_Wind-13118,2038,2048,0.0
Fujian-Offshore_Wind-13118,2048,2048,0.0
Fujian-Residential_PV-207,2038,2038,0.0
Fujian-Residential_PV-207,2038,2048,0.0
Fujian-Residential_PV-207,2048,2048,0.0
Fujian-Residential_PV-208,2038,2038,0.0
Fujian-Residential_PV-208,2038,2048,0.0
Fujian-Residential_PV-208,2048,2048,0.0
Fujian-Residential_PV-209,2038,2038,0.0
Fujian-Residential_PV-209,2038,2048,0.0
Fujian-Residential_PV-209,2048,2048,0.0
Fujian-Residential_PV-210,2038,2038,0.0
Fujian-Residential_PV-210,2038,2048,0.0
Fujian-Residential_PV-210,2048,2048,0.0
Fujian-Residential_PV-211,2038,2038,0.0
Fujian-Residential_PV-211,2038,2048,0.0
Fujian-Residential_PV-211,2048,2048,0.0
Fujian-Residential_PV-400,2038,2038,0.0
Fujian-Residential_PV-400,2038,2048,0.0
Fujian-Residential_PV-400,2048,2048,0.0
Fujian-Wind-1021,2038,2038,0.0
Fujian-Wind-1021,2038,2048,0.0
Fujian-Wind-1021,2048,2048,0.0
Fujian-Wind-1022,2038,2038,0.0
Fujian-Wind-1022,2038,2048,0.0
Fujian-Wind-1022,2048,2048,0.0
Fujian-Wind-1024,2038,2038,0.0
Fujian-Wind-1024,2038,2048,0.0
Fujian-Wind-1024,2048,2048,0.0
Fujian-Wind-1029,2038,2038,0.0
Fujian-Wind-1029,2038,2048,0.0
Fujian-Wind-1029,2048,2048,0.0
Fujian-Wind-1035,2038,2038,0.0
Fujian-Wind-1035,2038,2048,0.0
Fujian-Wind-1035,2048,2048,0.0
Fujian-Wind-1042,2038,2038,0.0
Fujian-Wind-1042,2038,2048,0.0
Fujian-Wind-1042,2048,2048,0.0
Fujian-Wind-1044,2038,2038,0.0
Fujian-Wind-1044,2038,2048,0.0
Fujian-Wind-1044,2048,2048,0.0
Fujian-Wind_EP-ep-40001,2012,2038,0.0
Fujian-Wind_EP-ep-40045,2009,2038,0.0
Fujian-Wind_EP-ep-40106,2013,2038,0.0
Fujian-Wind_EP-ep-40133,2014,2038,0.0
Fujian-Wind_EP-ep-40162,2015,2038,0.0
Fujian-Wind_EP-ep-40190,2016,2038,0.0
Fujian-Wind_EP-ep-40218,2017,2038,0.0
Fujian-Wind_EP-ep-40241,2010,2038,0.0
Fujian-Wind_EP-ep-40259,2011,2038,0.0
Fujian_Fuel_Cell,2038,2038,-0.0
Fujian_Fuel_Cell,2038,2048,0.0
Fujian_Fuel_Cell,2048,2048,0.0
Jiangsu-Battery_Storage-11179,2038,2038,-0.0
Jiangsu-Battery_Storage-11179,2038,2048,0.0
Jiangsu-Battery_Storage-11179,2048,2048,0.0
Jiangsu-Central_PV-474,2038,2038,0.0
Jiangsu-Central_PV-474,2038,2048,0.0
Jiangsu-Central_PV-474,2048,2048,0.0
Jiangsu-Central_PV-475,2038,2038,0.0
Jiangsu-Central_PV-475,2038,2048,0.0
Jiangsu-Central_PV-475,2048,2048,0.0
Jiangsu-Central_PV-476,2038,2038,0.0
Jiangsu-Central_PV-476,2038,2048,0.0
Jiangsu-Central_PV-476,2048,2048,0.0
Jiangsu-Central_PV-477,2038,2038,0.0
Jiangsu-Central_PV-477,2038,2048,0.0
Jiangsu-Central_PV-477,2048,2048,0.0
Jiangsu-Central_PV-478,2038,2038,0.0
Jiangsu-Central_PV-478,2038,2048,0.0
Jiangsu-Central_PV-478,2048,2048,0.0
Jiangsu-Central_PV-570,2038,2038,0.0
Jiangsu-Central_PV-570,2038,2048,0.0
Jiangsu-Central_PV-570,2048,2048,0.0
Jiangsu-Central_PV-571,2038,2038,0.0
Jiangsu-Central_PV-571,2038,2048,0.0
Jiangsu-Central_PV-571,2048,2048,0.0
Jiangsu-Central_PV_EP-ep-50016,2012,2038,0.0
Jiangsu-Central_PV_EP-ep-50037,2013,2038,0.0
Jiangsu-Central_PV_EP-ep-50066,2014,2038,0.0
Jiangsu-Central_PV_EP-ep-50096,2015,2038,0.0
Jiangsu-Central_PV_EP-ep-50127,2016,2038,0.0
Jiangsu-Central_PV_EP-ep-50156,2017,2038,0.0
Jiangsu-Central_PV_EP-ep-50180,2011,2038,0.0
Jiangsu-Coal_1000_OT-11937,2038,2038,0.0
Jiangsu-Coal_1000_OT-11937,2038,2048,0.0
Jiangsu-Coal_1000_OT-11937,2048,2048,0.0
Jiangsu-Coal_1000_OT-11937_CCS,2038,2038,0.0
Jiangsu-Coal_1000_OT-11937_CCS,2038,2048,0.0
Jiangsu-Coal_1000_OT-11937_CCS,2048,2048,0.0
Jiangsu-Coal_1000_OT-11937_H2,2038,2038,0.0
Jiangsu-Coal_1000_OT-11937_H2,2038,2048,0.0
Jiangsu-Coal_1000_OT-11937_H2,2048,2048,0.0
Jiangsu-Coal_1000_OT-11955,2038,2038,0.0
Jiangsu-Coal_1000_OT-11955,2038,2048,0.0
Jiangsu-Coal_1000_OT-11955,2048,2048,0.0
Jiangsu-Coal_1000_OT-11955_CCS,2038,2038,0.0
Jiangsu-Coal_1000_OT-11955_CCS,2038,2048,0.0
Jiangsu-Coal_1000_OT-11955_CCS,2048,2048,0.0
Jiangsu-Coal_1000_OT-11955_H2,2038,2038,0.0
Jiangsu-Coal_1000_OT-11955_H2,2038,2048,0.0
Jiangsu-Coal_1000_OT-11955_H2,2048,2048,0.0
Jiangsu-Coal_1000_OT-11973,2038,2038,0.0
Jiangsu-Coal_1000_OT-11973,2038,2048,0.0
Jiangsu-Coal_1000_OT-11973,2048,2048,0.0
Jiangsu-Coal_1000_OT-11973_CCS,2038,2038,0.0
Jiangsu-Coal_1000_OT-11973_CCS,2038,2048,0.0
Jiangsu-Coal_1000_OT-11973_CCS,2048,2048,0.0
Jiangsu-Coal_1000_OT-11973_H2,2038,2038,0.0
Jiangsu-Coal_1000_OT-11973_H2,2038,2048,0.0
Jiangsu-Coal_1000_OT-11973_H2,2048,2048,0.0
Jiangsu-Coal_1000_OT-11999,2038,2038,0.0
Jiangsu-Coal_1000_OT-11999,2038,2048,0.0
Jiangsu-Coal_1000_OT-11999,2048,2048,0.0
Jiangsu-Coal_1000_OT-11999_CCS,2038,2038,0.0
Jiangsu-Coal_1000_OT-11999_CCS,2038,2048,0.0
Jiangsu-Coal_1000_OT-11999_CCS,2048,2048,0.0
Jiangsu-Coal_1000_OT-11999_H2,2038,2038,0.0
Jiangsu-Coal_1000_OT-11999_H2,2038,2048,0.0
Jiangsu-Coal_1000_OT-11999_H2,2048,2048,0.0
Jiangsu-Coal_1000_OT-12017,2038,2038,0.0
Jiangsu-Coal_1000_OT-12017,2038,2048,0.0
Jiangsu-Coal_1000_OT-12017,2048,2048,0.0
Jiangsu-Coal_1000_OT-12017_CCS,2038,2038,0.0
Jiangsu-Coal_1000_OT-12017_CCS,2038,2048,0.0
Jiangsu-Coal_1000_OT-12017_CCS,2048,2048,0.0
Jiangsu-Coal_1000_OT-12017_H2,2038,2038,0.0
Jiangsu-Coal_1000_OT-12017_H2,2038,2048,0.0
Jiangsu-Coal_1000_OT-12017_H2,2048,2048,0.0
Jiangsu-Coal_1000_RC-11945,2038,2038,0.0
Jiangsu-Coal_1000_RC-11945,2038,2048,-0.0
Jiangsu-Coal_1000_RC-11945,2048,2048,0.0
Jiangsu-Coal_1000_RC-11945_CCS,2038,2038,0.0
Jiangsu-Coal_1000_RC-11945_CCS,2038,2048,0.0
Jiangsu-Coal_1000_RC-11945_CCS,2048,2048,0.0
Jiangsu-Coal_1000_RC-11945_H2,2038,2038,0.0
Jiangsu-Coal_1000_RC-11945_H2,2038,2048,0.0
Jiangsu-Coal_1000_RC-11945_H2,2048,2048,0.0
Jiangsu-Coal_1000_RC-11963,2038,2038,0.0
Jiangsu-Coal_1000_RC-11963,2038,2048,-0.0
Jiangsu-Coal_1000_RC-11963,2048,2048,0.0
Jiangsu-Coal_1000_RC-11963_CCS,2038,2038,0.0
Jiangsu-Coal_1000_RC-11963_CCS,2038,2048,0.0
Jiangsu-Coal_1000_RC-11963_CCS,2048,2048,0.0
Jiangsu-Coal_1000_RC-11963_H2,2038,2038,0.0
Jiangsu-Coal_1000_RC-11963_H2,2038,2048,0.0
Jiangsu-Coal_1000_RC-11963_H2,2048,2048,0.0
Jiangsu-Coal_1000_RC-11981,2038,2038,0.0
Jiangsu-Coal_1000_RC-11981,2038,2048,-0.0
Jiangsu-Coal_1000_RC-11981,2048,2048,0.0
Jiangsu-Coal_1000_RC-11981_CCS,2038,2038,0.0
Jiangsu-Coal_1000_RC-11981_CCS,2038,2048,0.0
Jiangsu-Coal_1000_RC-11981_CCS,2048,2048,0.0
Jiangsu-Coal_1000_RC-11981_H2,2038,2038,0.0
Jiangsu-Coal_1000_RC-11981_H2,2038,2048,0.0
Jiangsu-Coal_1000_RC-11981_H2,2048,2048,0.0
Jiangsu-Coal_1000_RC-12007,2038,2038,0.0
Jiangsu-Coal_1000_RC-12007,2038,2048,-0.0
Jiangsu-Coal_1000_RC-12007,2048,2048,0.0
Jiangsu-Coal_1000_RC-12007_CCS,2038,2038,0.0
Jiangsu-Coal_1000_RC-12007_CCS,2038,2048,0.0
Jiangsu-Coal_1000_RC-12007_CCS,2048,2048,0.0
Jiangsu-Coal_1000_RC-12007_H2,2038,2038,0.0
Jiangsu-Coal_1000_RC-12007_H2,2038,2048,0.0
Jiangsu-Coal_1000_RC-12007_H2,2048,2048,0.0
Jiangsu-Coal_1000_RC-12025,2038,2038,0.0
Jiangsu-Coal_1000_RC-12025,2038,2048,-0.0
Jiangsu-Coal_1000_RC-12025,2048,2048,0.0
Jiangsu-Coal_1000_RC-12025_CCS,2038,2038,0.0
Jiangsu-Coal_1000_RC-12025_CCS,2038,2048,0.0
Jiangsu-Coal_1000_RC-12025_CCS,2048,2048,0.0
Jiangsu-Coal_1000_RC-12025_H2,2038,2038,0.0
Jiangsu-Coal_1000_RC-12025_H2,2038,2048,0.0
Jiangsu-Coal_1000_RC-12025_H2,2048,2048,0.0
Jiangsu-Coal_1000_SEA-11991,2038,2038,0.0
Jiangsu-Coal_1000_SEA-11991,2038,2048,-0.0
Jiangsu-Coal_1000_SEA-11991,2048,2048,0.0
Jiangsu-Coal_1000_SEA-11991_CCS,2038,2038,0.0
Jiangsu-Coal_1000_SEA-11991_CCS,2038,2048,0.0
Jiangsu-Coal_1000_SEA-11991_CCS,2048,2048,0.0
Jiangsu-Coal_1000_SEA-11991_H2,2038,2038,0.0
Jiangsu-Coal_1000_SEA-11991_H2,2038,2048,0.0
Jiangsu-Coal_1000_SEA-11991_H2,2048,2048,0.0
Jiangsu-Coal_300_OT-11941,2038,2038,0.0
Jiangsu-Coal_300_OT-11941,2038,2048,-0.0
Jiangsu-Coal_300_OT-11941,2048,2048,0.0
Jiangsu-Coal_300_OT-11941_CCS,2038,2038,0.0
Jiangsu-Coal_300_OT-11941_CCS,2038,2048,0.0
Jiangsu-Coal_300_OT-11941_CCS,2048,2048,0.0
Jiangsu-Coal_300_OT-11941_H2,2038,2038,0.0
Jiangsu-Coal_300_OT-11941_H2,2038,2048,0.0
Jiangsu-Coal_300_OT-11941_H2,2048,2048,0.0
Jiangsu-Coal_300_OT-11959,2038,2038,0.0
Jiangsu-Coal_300_OT-11959,2038,2048,0.0
Jiangsu-Coal_300_OT-11959,2048,2048,0.0
Jiangsu-Coal_300_OT-11959_CCS,2038,2038,0.0
Jiangsu-Coal_300_OT-11959_CCS,2038,2048,0.0
Jiangsu-Coal_300_OT-11959_CCS,2048,2048,0.0
Jiangsu-Coal_300_OT-11959_H2,2038,2038,0.0
Jiangsu-Coal_300_OT-11959_H2,2038,2048,0.0
Jiangsu-Coal_300_OT-11959_H2,2048,2048,0.0
Jiangsu-Coal_300_OT-11977,2038,2038,0.0
Jiangsu-Coal_300_OT-11977,2038,2048,-0.0
Jiangsu-Coal_300_OT-11977,2048,2048,0.0
Jiangsu-Coal_300_OT-11977_CCS,2038,2038,0.0
Jiangsu-Coal_300_OT-11977_CCS,2038,2048,0.0
Jiangsu-Coal_300_OT-11977_CCS,2048,2048,0.0
Jiangsu-Coal_300_OT-11977_H2,2038,2038,0.0
Jiangsu-Coal_300_OT-11977_H2,2038,2048,0.0
Jiangsu-Coal_300_OT-11977_H2,2048,2048,0.0
Jiangsu-Coal_300_OT-12003,2038,2038,0.0
Jiangsu-Coal_300_OT-12003,2038,2048,-0.0
Jiangsu-Coal_300_OT-12003,2048,2048,0.0
Jiangsu-Coal_300_OT-12003_CCS,2038,2038,0.0
Jiangsu-Coal_300_OT-12003_CCS,2038,2048,0.0
Jiangsu-Coal_300_OT-12003_CCS,2048,2048,0.0
Jiangsu-Coal_300_OT-12003_H2,2038,2038,0.0
Jiangsu-Coal_300_OT-12003_H2,2038,2048,0.0
Jiangsu-Coal_300_OT-12003_H2,2048,2048,0.0
Jiangsu-Coal_300_OT-12021,2038,2038,0.0
Jiangsu-Coal_300_OT-12021,2038,2048,-0.0
Jiangsu-Coal_300_OT-12021,2048,2048,0.0
Jiangsu-Coal_300_OT-12021_CCS,2038,2038,0.0
Jiangsu-Coal_300_OT-12021_CCS,2038,2048,0.0
Jiangsu-Coal_300_OT-12021_CCS,2048,2048,0.0
Jiangsu-Coal_300_OT-12021_H2,2038,2038,0.0
Jiangsu-Coal_300_OT-12021_H2,2038,2048,0.0
Jiangsu-Coal_300_OT-12021_H2,2048,2048,0.0
Jiangsu-Coal_300_RC-11949,2038,2038,0.0
Jiangsu-Coal_300_RC-11949,2038,2048,-0.0
Jiangsu-Coal_300_RC-11949,2048,2048,0.0
Jiangsu-Coal_300_RC-11949_CCS,2038,2038,0.0
Jiangsu-Coal_300_RC-11949_CCS,2038,2048,0.0
Jiangsu-Coal_300_RC-11949_CCS,2048,2048,0.0
Jiangsu-Coal_300_RC-11949_H2,2038,2038,0.0
Jiangsu-Coal_300_RC-11949_H2,2038,2048,0.0
Jiangsu-Coal_300_RC-11949_H2,2048,2048,0.0
Jiangsu-Coal_300_RC-11967,2038,2038,0.0
Jiangsu-Coal_300_RC-11967,2038,2048,-0.0
Jiangsu-Coal_300_RC-11967,2048,2048,0.0
Jiangsu-Coal_300_RC-11967_CCS,2038,2038,0.0
Jiangsu-Coal_300_RC-11967_CCS,2038,2048,0.0
Jiangsu-Coal_300_RC-11967_CCS,2048,2048,0.0
Jiangsu-Coal_300_RC-11967_H2,2038,2038,0.0
Jiangsu-Coal_300_RC-11967_H2,2038,2048,0.0
Jiangsu-Coal_300_RC-11967_H2,2048,2048,0.0
Jiangsu-Coal_300_RC-11985,2038,2038,0.0
Jiangsu-Coal_300_RC-11985,2038,2048,-0.0
Jiangsu-Coal_300_RC-11985,2048,2048,0.0
Jiangsu-Coal_300_RC-11985_CCS,2038,2038,0.0
Jiangsu-Coal_300_RC-11985_CCS,2038,2048,0.0
Jiangsu-Coal_300_RC-11985_CCS,2048,2048,0.0
Jiangsu-Coal_300_RC-11985_H2,2038,2038,0.0
Jiangsu-Coal_300_RC-11985_H2,2038,2048,0.0
Jiangsu-Coal_300_RC-11985_H2,2048,2048,0.0
Jiangsu-Coal_300_RC-12011,2038,2038,0.0
Jiangsu-Coal_300_RC-12011,2038,2048,-0.0
Jiangsu-Coal_300_RC-12011,2048,2048,0.0
Jiangsu-Coal_300_RC-12011_CCS,2038,2038,0.0
Jiangsu-Coal_300_RC-12011_CCS,2038,2048,0.0
Jiangsu-Coal_300_RC-12011_CCS,2048,2048,0.0
Jiangsu-Coal_300_RC-12011_H2,2038,2038,0.0
Jiangsu-Coal_300_RC-12011_H2,2038,2048,0.0
Jiangsu-Coal_300_RC-12011_H2,2048,2048,0.0
Jiangsu-Coal_300_RC-12029,2038,2038,0.0
Jiangsu-Coal_300_RC-12029,2038,2048,-0.0
Jiangsu-Coal_300_RC-12029,2048,2048,0.0
Jiangsu-Coal_300_RC-12029_CCS,2038,2038,0.0
Jiangsu-Coal_300_RC-12029_CCS,2038,2048,0.0
Jiangsu-Coal_300_RC-12029_CCS,2048,2048,0.0
Jiangsu-Coal_300_RC-12029_H2,2038,2038,0.0
Jiangsu-Coal_300_RC-12029_H2,2038,2048,0.0
Jiangsu-Coal_300_RC-12029_H2,2048,2048,0.0
Jiangsu-Coal_300_SEA-11995,2038,2038,0.0
Jiangsu-Coal_300_SEA-11995,2038,2048,-0.0
Jiangsu-Coal_300_SEA-11995,2048,2048,0.0
Jiangsu-Coal_300_SEA-11995_CCS,2038,2038,0.0
Jiangsu-Coal_300_SEA-11995_CCS,2038,2048,0.0
Jiangsu-Coal_300_SEA-11995_CCS,2048,2048,0.0
Jiangsu-Coal_300_SEA-11995_H2,2038,2038,0.0
Jiangsu-Coal_300_SEA-11995_H2,2038,2048,0.0
Jiangsu-Coal_300_SEA-11995_H2,2048,2048,0.0
Jiangsu-Coal_600_OT-11939,2038,2038,0.0
Jiangsu-Coal_600_OT-11939,2038,2048,0.0
Jiangsu-Coal_600_OT-11939,2048,2048,0.0
Jiangsu-Coal_600_OT-11939_CCS,2038,2038,0.0
Jiangsu-Coal_600_OT-11939_CCS,2038,2048,0.0
Jiangsu-Coal_600_OT-11939_CCS,2048,2048,0.0
Jiangsu-Coal_600_OT-11939_H2,2038,2038,0.0
Jiangsu-Coal_600_OT-11939_H2,2038,2048,0.0
Jiangsu-Coal_600_OT-11939_H2,2048,2048,0.0
Jiangsu-Coal_600_OT-11957,2038,2038,0.0
Jiangsu-Coal_600_OT-11957,2038,2048,-0.0
Jiangsu-Coal_600_OT-11957,2048,2048,0.0
Jiangsu-Coal_600_OT-11957_CCS,2038,2038,0.0
Jiangsu-Coal_600_OT-11957_CCS,2038,2048,0.0
Jiangsu-Coal_600_OT-11957_CCS,2048,2048,0.0
Jiangsu-Coal_600_OT-11957_H2,2038,2038,0.0
Jiangsu-Coal_600_OT-11957_H2,2038,2048,0.0
Jiangsu-Coal_600_OT-11957_H2,2048,2048,0.0
Jiangsu-Coal_600_OT-11975,2038,2038,0.0
Jiangsu-Coal_600_OT-11975,2038,2048,0.0
Jiangsu-Coal_600_OT-11975,2048,2048,0.0
Jiangsu-Coal_600_OT-11975_CCS,2038,2038,0.0
Jiangsu-Coal_600_OT-11975_CCS,2038,2048,0.0
Jiangsu-Coal_600_OT-11975_CCS,2048,2048,0.0
Jiangsu-Coal_600_OT-11975_H2,2038,2038,0.0
Jiangsu-Coal_600_OT-11975_H2,2038,2048,0.0
Jiangsu-Coal_600_OT-11975_H2,2048,2048,0.0
Jiangsu-Coal_600_OT-12001,2038,2038,0.0
Jiangsu-Coal_600_OT-12001,2038,2048,0.0
Jiangsu-Coal_600_OT-12001,2048,2048,0.0
Jiangsu-Coal_600_OT-12001_CCS,2038,2038,0.0
Jiangsu-Coal_600_OT-12001_CCS,2038,2048,0.0
Jiangsu-Coal_600_OT-12001_CCS,2048,2048,0.0
Jiangsu-Coal_600_OT-12001_H2,2038,2038,0.0
Jiangsu-Coal_600_OT-12001_H2,2038,2048,0.0
Jiangsu-Coal_600_OT-12001_H2,2048,2048,0.0
Jiangsu-Coal_600_OT-12019,2038,2038,0.0
Jiangsu-Coal_600_OT-12019,2038,2048,-0.0
Jiangsu-Coal_600_OT-12019,2048,2048,0.0
Jiangsu-Coal_600_OT-12019_CCS,2038,2038,0.0
Jiangsu-Coal_600_OT-12019_CCS,2038,2048,0.0
Jiangsu-Coal_600_OT-12019_CCS,2048,2048,0.0
Jiangsu-Coal_600_OT-12019_H2,2038,2038,0.0
Jiangsu-Coal_600_OT-12019_H2,2038,2048,0.0
Jiangsu-Coal_600_OT-12019_H2,2048,2048,0.0
Jiangsu-Coal_600_RC-11947,2038,2038,0.0
Jiangsu-Coal_600_RC-11947,2038,2048,0.0
Jiangsu-Coal_600_RC-11947,2048,2048,0.0
Jiangsu-Coal_600_RC-11947_CCS,2038,2038,0.0
Jiangsu-Coal_600_RC-11947_CCS,2038,2048,0.0
Jiangsu-Coal_600_RC-11947_CCS,2048,2048,0.0
Jiangsu-Coal_600_RC-11947_H2,2038,2038,0.0
Jiangsu-Coal_600_RC-11947_H2,2038,2048,0.0
Jiangsu-Coal_600_RC-11947_H2,2048,2048,0.0
Jiangsu-Coal_600_RC-11965,2038,2038,0.0
Jiangsu-Coal_600_RC-11965,2038,2048,-0.0
Jiangsu-Coal_600_RC-11965,2048,2048,0.0
Jiangsu-Coal_600_RC-11965_CCS,2038,2038,0.0
Jiangsu-Coal_600_RC-11965_CCS,2038,2048,0.0
Jiangsu-Coal_600_RC-11965_CCS,2048,2048,0.0
Jiangsu-Coal_600_RC-11965_H2,2038,2038,0.0
Jiangsu-Coal_600_RC-11965_H2,2038,2048,0.0
Jiangsu-Coal_600_RC-11965_H2,2048,2048,0.0
Jiangsu-Coal_600_RC-11983,2038,2038,0.0
Jiangsu-Coal_600_RC-11983,2038,2048,-0.0
Jiangsu-Coal_600_RC-11983,2048,2048,0.0
Jiangsu-Coal_600_RC-11983_CCS,2038,2038,0.0
Jiangsu-Coal_600_RC-11983_CCS,2038,2048,0.0
Jiangsu-Coal_600_RC-11983_CCS,2048,2048,0.0
Jiangsu-Coal_600_RC-11983_H2,2038,2038,0.0
Jiangsu-Coal_600_RC-11983_H2,2038,2048,0.0
Jiangsu-Coal_600_RC-11983_H2,2048,2048,0.0
Jiangsu-Coal_600_RC-12009,2038,2038,0.0
Jiangsu-Coal_600_RC-12009,2038,2048,-0.0
Jiangsu-Coal_600_RC-12009,2048,2048,0.0
Jiangsu-Coal_600_RC-12009_CCS,2038,2038,0.0
Jiangsu-Coal_600_RC-12009_CCS,2038,2048,0.0
Jiangsu-Coal_600_RC-12009_CCS,2048,2048,0.0
Jiangsu-Coal_600_RC-12009_H2,2038,2038,0.0
Jiangsu-Coal_600_RC-12009_H2,2038,2048,0.0
Jiangsu-Coal_600_RC-12009_H2,2048,2048,0.0
Jiangsu-Coal_600_RC-12027,2038,2038,0.0
Jiangsu-Coal_600_RC-12027,2038,2048,-0.0
Jiangsu-Coal_600_RC-12027,2048,2048,0.0
Jiangsu-Coal_600_RC-12027_CCS,2038,2038,0.0
Jiangsu-Coal_600_RC-12027_CCS,2038,2048,0.0
Jiangsu-Coal_600_RC-12027_CCS,2048,2048,0.0
Jiangsu-Coal_600_RC-12027_H2,2038,2038,0.0
Jiangsu-Coal_600_RC-12027_H2,2038,2048,0.0
Jiangsu-Coal_600_RC-12027_H2,2048,2048,0.0
Jiangsu-Coal_600_SEA-11993,2038,2038,0.0
Jiangsu-Coal_600_SEA-11993,2038,2048,0.0
Jiangsu-Coal_600_SEA-11993,2048,2048,0.0
Jiangsu-Coal_600_SEA-11993_CCS,2038,2038,0.0
Jiangsu-Coal_600_SEA-11993_CCS,2038,2048,0.0
Jiangsu-Coal_600_SEA-11993_CCS,2048,2048,0.0
Jiangsu-Coal_600_SEA-11993_H2,2038,2038,0.0
Jiangsu-Coal_600_SEA-11993_H2,2038,2048,0.0
Jiangsu-Coal_600_SEA-11993_H2,2048,2048,0.0
Jiangsu-Coal_IGCC_RC-11951,2038,2038,0.0
Jiangsu-Coal_IGCC_RC-11951,2038,2048,0.0
Jiangsu-Coal_IGCC_RC-11951,2048,2048,0.0
Jiangsu-Coal_IGCC_RC-11951_CCS,2038,2038,0.0
Jiangsu-Coal_IGCC_RC-11951_CCS,2038,2048,0.0
Jiangsu-Coal_IGCC_RC-11951_CCS,2048,2048,0.0
Jiangsu-Coal_IGCC_RC-11951_H2,2038,2038,0.0
Jiangsu-Coal_IGCC_RC-11951_H2,2038,2048,0.0
Jiangsu-Coal_IGCC_RC-11951_H2,2048,2048,0.0
Jiangsu-Coal_IGCC_RC-11969,2038,2038,0.0
Jiangsu-Coal_IGCC_RC-11969,2038,2048,0.0
Jiangsu-Coal_IGCC_RC-11969,2048,2048,0.0
Jiangsu-Coal_IGCC_RC-11969_CCS,2038,2038,0.0
Jiangsu-Coal_IGCC_RC-11969_CCS,2038,2048,0.0
Jiangsu-Coal_IGCC_RC-11969_CCS,2048,2048,0.0
Jiangsu-Coal_IGCC_RC-11969_H2,2038,2038,0.0
Jiangsu-Coal_IGCC_RC-11969_H2,2038,2048,0.0
Jiangsu-Coal_IGCC_RC-11969_H2,2048,2048,0.0
Jiangsu-Coal_IGCC_RC-11987,2038,2038,0.0
Jiangsu-Coal_IGCC_RC-11987,2038,2048,0.0
Jiangsu-Coal_IGCC_RC-11987,2048,2048,0.0
Jiangsu-Coal_IGCC_RC-11987_CCS,2038,2038,0.0
Jiangsu-Coal_IGCC_RC-11987_CCS,2038,2048,0.0
Jiangsu-Coal_IGCC_RC-11987_CCS,2048,2048,0.0
Jiangsu-Coal_IGCC_RC-11987_H2,2038,2038,0.0
Jiangsu-Coal_IGCC_RC-11987_H2,2038,2048,0.0
Jiangsu-Coal_IGCC_RC-11987_H2,2048,2048,0.0
Jiangsu-Coal_IGCC_RC-12013,2038,2038,0.0
Jiangsu-Coal_IGCC_RC-12013,2038,2048,0.0
Jiangsu-Coal_IGCC_RC-12013,2048,2048,0.0
Jiangsu-Coal_IGCC_RC-12013_CCS,2038,2038,0.0
Jiangsu-Coal_IGCC_RC-12013_CCS,2038,2048,0.0
Jiangsu-Coal_IGCC_RC-12013_CCS,2048,2048,0.0
Jiangsu-Coal_IGCC_RC-12013_H2,2038,2038,0.0
Jiangsu-Coal_IGCC_RC-12013_H2,2038,2048,0.0
Jiangsu-Coal_IGCC_RC-12013_H2,2048,2048,0.0
Jiangsu-Coal_IGCC_RC-12031,2038,2038,0.0
Jiangsu-Coal_IGCC_RC-12031,2038,2048,0.0
Jiangsu-Coal_IGCC_RC-12031,2048,2048,0.0
Jiangsu-Coal_IGCC_RC-12031_CCS,2038,2038,0.0
Jiangsu-Coal_IGCC_RC-12031_CCS,2038,2048,0.0
Jiangsu-Coal_IGCC_RC-12031_CCS,2048,2048,0.0
Jiangsu-Coal_IGCC_RC-12031_H2,2038,2038,0.0
Jiangsu-Coal_IGCC_RC-12031_H2,2038,2048,0.0
Jiangsu-Coal_IGCC_RC-12031_H2,2048,2048,0.0
Jiangsu-Commercial_PV-129,2038,2038,0.0
Jiangsu-Commercial_PV-129,2038,2048,0.0
Jiangsu-Commercial_PV-129,2048,2048,0.0
Jiangsu-Commercial_PV-170,2038,2038,0.0
Jiangsu-Commercial_PV-170,2038,2048,0.0
Jiangsu-Commercial_PV-170,2048,2048,0.0
Jiangsu-Commercial_PV-74,2038,2038,0.0
Jiangsu-Commercial_PV-74,2038,2048,0.0
Jiangsu-Commercial_PV-74,2048,2048,0.0
Jiangsu-Commercial_PV-75,2038,2038,0.0
Jiangsu-Commercial_PV-75,2038,2048,0.0
Jiangsu-Commercial_PV-75,2048,2048,0.0
Jiangsu-Commercial_PV-76,2038,2038,0.0
Jiangsu-Commercial_PV-76,2038,2048,0.0
Jiangsu-Commercial_PV-76,2048,2048,0.0
Jiangsu-Commercial_PV-77,2038,2038,0.0
Jiangsu-Commercial_PV-77,2038,2048,0.0
Jiangsu-Commercial_PV-77,2048,2048,0.0
Jiangsu-Commercial_PV-78,2038,2038,0.0
Jiangsu-Commercial_PV-78,2038,2048,0.0
Jiangsu-Commercial_PV-78,2048,2048,0.0
Jiangsu-EP_Coal_1000_OT-ep-3067,2016,2038,0.0
Jiangsu-EP_Coal_1000_OT-ep-3067,2016,2048,0.0
Jiangsu-EP_Coal_1000_OT-ep-3068,2016,2038,0.0
Jiangsu-EP_Coal_1000_OT-ep-3068,2016,2048,0.0
Jiangsu-EP_Coal_1000_OT-ep-3069,2017,2038,0.0
Jiangsu-EP_Coal_1000_OT-ep-3069,2017,2048,0.0
Jiangsu-EP_Coal_1000_OT-ep-3070,2017,2038,0.0
Jiangsu-EP_Coal_1000_OT-ep-3070,2017,2048,0.0
Jiangsu-EP_Coal_1000_OT-ep-843,2010,2038,0.0
Jiangsu-EP_Coal_1000_OT-ep-843,2010,2048,0.0
Jiangsu-EP_Coal_1000_OT-ep-844,2009,2038,0.0
Jiangsu-EP_Coal_1000_OT-ep-844,2009,2048,0.0
Jiangsu-EP_Coal_1000_OT-ep-849,2015,2038,0.0
Jiangsu-EP_Coal_1000_OT-ep-849,2015,2048,0.0
Jiangsu-EP_Coal_1000_OT-ep-850,2008,2038,0.0
Jiangsu-EP_Coal_1000_OT-ep-851,2007,2038,0.0
Jiangsu-EP_Coal_1000_OT-ep-852,2014,2038,0.0
Jiangsu-EP_Coal_1000_OT-ep-852,2014,2048,0.0
Jiangsu-EP_Coal_1000_OT-ep-853,2014,2038,0.0
Jiangsu-EP_Coal_1000_OT-ep-853,2014,2048,0.0
Jiangsu-EP_Coal_1000_OT-ep-854,2013,2038,0.0
Jiangsu-EP_Coal_1000_OT-ep-854,2013,2048,0.0
Jiangsu-EP_Coal_1000_OT-ep-855,2013,2038,0.0
Jiangsu-EP_Coal_1000_OT-ep-855,2013,2048,0.0
Jiangsu-EP_Coal_1000_OT-ep-856,2012,2038,0.0
Jiangsu-EP_Coal_1000_OT-ep-856,2012,2048,0.0
Jiangsu-EP_Coal_1000_OT-ep-857,2011,2038,0.0
Jiangsu-EP_Coal_1000_OT-ep-857,2011,2048,0.0
Jiangsu-EP_Coal_1000_OT-ep-858,2013,2038,0.0
Jiangsu-EP_Coal_1000_OT-ep-858,2013,2048,0.0
Jiangsu-EP_Coal_1000_OT-ep-859,2013,2038,0.0
Jiangsu-EP_Coal_1000_OT-ep-859,2013,2048,0.0
Jiangsu-EP_Coal_1000_RC-ep-3071,2018,2038,0.0
Jiangsu-EP_Coal_1000_RC-ep-3071,2018,2048,0.0
Jiangsu-EP_Coal_1000_RC-ep-3072,2018,2038,0.0
Jiangsu-EP_Coal_1000_RC-ep-3072,2018,2048,0.0
Jiangsu-EP_Coal_1000_RC-ep-3073,2016,2038,0.0
Jiangsu-EP_Coal_1000_RC-ep-3073,2016,2048,0.0
Jiangsu-EP_Coal_1000_RC-ep-842,2012,2038,0.0
Jiangsu-EP_Coal_1000_RC-ep-842,2012,2048,0.0
Jiangsu-EP_Coal_1000_RC-ep-845,2011,2038,0.0
Jiangsu-EP_Coal_1000_RC-ep-845,2011,2048,0.0
Jiangsu-EP_Coal_1000_RC-ep-846,2011,2038,0.0
Jiangsu-EP_Coal_1000_RC-ep-846,2011,2048,0.0
Jiangsu-EP_Coal_1000_RC-ep-847,2010,2038,0.0
Jiangsu-EP_Coal_1000_RC-ep-847,2010,2048,0.0
Jiangsu-EP_Coal_1000_RC-ep-848,2010,2038,0.0
Jiangsu-EP_Coal_1000_RC-ep-848,2010,2048,0.0
Jiangsu-EP_Coal_1000_SEA-ep-3074,2017,2038,0.0
Jiangsu-EP_Coal_1000_SEA-ep-3074,2017,2048,0.0
Jiangsu-EP_Coal_1000_SEA-ep-3075,2017,2038,0.0
Jiangsu-EP_Coal_1000_SEA-ep-3075,2017,2048,0.0
Jiangsu-EP_Coal_300_OT-ep-935,2008,2038,0.0
Jiangsu-EP_Coal_300_OT-ep-940,2004,2038,0.0
Jiangsu-EP_Coal_300_OT-ep-941,2005,2038,0.0
Jiangsu-EP_Coal_300_OT-ep-942,2005,2038,0.0
Jiangsu-EP_Coal_300_OT-ep-943,2005,2038,0.0
Jiangsu-EP_Coal_300_OT-ep-967,2005,2038,0.0
Jiangsu-EP_Coal_300_OT-ep-968,2004,2038,0.0
Jiangsu-EP_Coal_300_OT-ep-969,2004,2038,0.0
Jiangsu-EP_Coal_300_OT-ep-970,2004,2038,0.0
Jiangsu-EP_Coal_300_RC-ep-922,2005,2038,0.0
Jiangsu-EP_Coal_300_RC-ep-923,2005,2038,0.0
Jiangsu-EP_Coal_300_RC-ep-924,2005,2038,0.0
Jiangsu-EP_Coal_300_RC-ep-925,2005,2038,0.0
Jiangsu-EP_Coal_300_RC-ep-926,2006,2038,0.0
Jiangsu-EP_Coal_300_RC-ep-927,2006,2038,0.0
Jiangsu-EP_Coal_300_RC-ep-928,2005,2038,0.0
Jiangsu-EP_Coal_300_RC-ep-929,2005,2038,0.0
Jiangsu-EP_Coal_300_RC-ep-930,2011,2038,0.0
Jiangsu-EP_Coal_300_RC-ep-931,2005,2038,0.0
Jiangsu-EP_Coal_300_RC-ep-932,2005,2038,0.0
Jiangsu-EP_Coal_300_RC-ep-933,2006,2038,0.0
Jiangsu-EP_Coal_300_RC-ep-934,2005,2038,0.0
Jiangsu-EP_Coal_300_RC-ep-936,2005,2038,0.0
Jiangsu-EP_Coal_300_RC-ep-937,2004,2038,0.0
Jiangsu-EP_Coal_300_RC-ep-938,2005,2038,0.0
Jiangsu-EP_Coal_300_RC-ep-939,2005,2038,0.0
Jiangsu-EP_Coal_300_RC-ep-955,2004,2038,0.0
Jiangsu-EP_Coal_300_RC-ep-956,2004,2038,0.0
Jiangsu-EP_Coal_300_RC-ep-963,2010,2038,0.0
Jiangsu-EP_Coal_300_RC-ep-964,2009,2038,0.0
Jiangsu-EP_Coal_300_RC-ep-965,2011,2038,0.0
Jiangsu-EP_Coal_300_RC-ep-966,2009,2038,0.0
Jiangsu-EP_Coal_600_OT-ep-3076,2016,2038,0.0
Jiangsu-EP_Coal_600_OT-ep-3076,2016,2048,0.0
Jiangsu-EP_Coal_600_OT-ep-3077,2016,2038,0.0
Jiangsu-EP_Coal_600_OT-ep-3077,2016,2048,0.0
Jiangsu-EP_Coal_600_OT-ep-863,2011,2038,0.0
Jiangsu-EP_Coal_600_OT-ep-863,2011,2048,0.0
Jiangsu-EP_Coal_600_OT-ep-864,2011,2038,0.0
Jiangsu-EP_Coal_600_OT-ep-864,2011,2048,0.0
Jiangsu-EP_Coal_600_OT-ep-869,2010,2038,0.0
Jiangsu-EP_Coal_600_OT-ep-869,2010,2048,0.0
Jiangsu-EP_Coal_600_OT-ep-870,2010,2038,0.0
Jiangsu-EP_Coal_600_OT-ep-870,2010,2048,0.0
Jiangsu-EP_Coal_600_OT-ep-871,2014,2038,0.0
Jiangsu-EP_Coal_600_OT-ep-871,2014,2048,0.0
Jiangsu-EP_Coal_600_OT-ep-872,2014,2038,0.0
Jiangsu-EP_Coal_600_OT-ep-872,2014,2048,0.0
Jiangsu-EP_Coal_600_OT-ep-875,2005,2038,0.0
Jiangsu-EP_Coal_600_OT-ep-876,2005,2038,0.0
Jiangsu-EP_Coal_600_OT-ep-877,2005,2038,0.0
Jiangsu-EP_Coal_600_OT-ep-878,2007,2038,0.0
Jiangsu-EP_Coal_600_OT-ep-879,2006,2038,0.0
Jiangsu-EP_Coal_600_OT-ep-880,2005,2038,0.0
Jiangsu-EP_Coal_600_OT-ep-881,2005,2038,0.0
Jiangsu-EP_Coal_600_OT-ep-882,1999,2038,0.0
Jiangsu-EP_Coal_600_OT-ep-884,2005,2038,0.0
Jiangsu-EP_Coal_600_OT-ep-885,2006,2038,0.0
Jiangsu-EP_Coal_600_OT-ep-886,2006,2038,0.0
Jiangsu-EP_Coal_600_OT-ep-887,2006,2038,0.0
Jiangsu-EP_Coal_600_OT-ep-888,2006,2038,0.0
Jiangsu-EP_Coal_600_OT-ep-889,2006,2038,0.0
Jiangsu-EP_Coal_600_OT-ep-895,2006,2038,0.0
Jiangsu-EP_Coal_600_OT-ep-896,2006,2038,0.0
Jiangsu-EP_Coal_600_OT-ep-897,2008,2038,0.0
Jiangsu-EP_Coal_600_OT-ep-898,2007,2038,0.0
Jiangsu-EP_Coal_600_OT-ep-899,2006,2038,0.0
Jiangsu-EP_Coal_600_OT-ep-900,2006,2038,0.0
Jiangsu-EP_Coal_600_RC-ep-873,2011,2038,0.0
Jiangsu-EP_Coal_600_RC-ep-873,2011,2048,0.0
Jiangsu-EP_Coal_600_RC-ep-874,2009,2038,0.0
Jiangsu-EP_Coal_600_RC-ep-874,2009,2048,0.0
Jiangsu-EP_Coal_600_RC-ep-891,2008,2038,0.0
Jiangsu-EP_Coal_600_RC-ep-892,2007,2038,0.0
Jiangsu-EP_Coal_600_RC-ep-893,2012,2038,0.0
Jiangsu-EP_Coal_600_RC-ep-893,2012,2048,0.0
Jiangsu-EP_Coal_600_RC-ep-894,2010,2038,0.0
Jiangsu-EP_Coal_600_RC-ep-894,2010,2048,0.0
Jiangsu-EP_Coal_600_SEA-ep-3078,2016,2038,0.0
Jiangsu-EP_Coal_600_SEA-ep-3078,2016,2048,0.0
Jiangsu-EP_Coal_600_SEA-ep-861,2013,2038,0.0
Jiangsu-EP_Coal_600_SEA-ep-861,2013,2048,0.0
Jiangsu-EP_Coal_600_SEA-ep-862,2011,2038,0.0
Jiangsu-EP_Coal_600_SEA-ep-862,2011,2048,0.0
Jiangsu-EP_Coal_600_SEA-ep-865,2010,2038,0.0
Jiangsu-EP_Coal_600_SEA-ep-865,2010,2048,0.0
Jiangsu-EP_Coal_600_SEA-ep-866,2010,2038,0.0
Jiangsu-EP_Coal_600_SEA-ep-866,2010,2048,0.0
Jiangsu-EP_Coal_600_SEA-ep-867,2010,2038,0.0
Jiangsu-EP_Coal_600_SEA-ep-867,2010,2048,0.0
Jiangsu-EP_Coal_600_SEA-ep-868,2010,2038,0.0
Jiangsu-EP_Coal_600_SEA-ep-868,2010,2048,0.0
Jiangsu-Gas_CCGT_OT-11943,2038,2038,0.0
Jiangsu-Gas_CCGT_OT-11943,2038,2048,0.0
Jiangsu-Gas_CCGT_OT-11943,2048,2048,0.0
Jiangsu-Gas_CCGT_OT-11961,2038,2038,0.0
Jiangsu-Gas_CCGT_OT-11961,2038,2048,0.0
Jiangsu-Gas_CCGT_OT-11961,2048,2048,0.0
Jiangsu-Gas_CCGT_OT-11979,2038,2038,0.0
Jiangsu-Gas_CCGT_OT-11979,2038,2048,0.0
Jiangsu-Gas_CCGT_OT-11979,2048,2048,0.0
Jiangsu-Gas_CCGT_OT-12005,2038,2038,0.0
Jiangsu-Gas_CCGT_OT-12005,2038,2048,0.0
Jiangsu-Gas_CCGT_OT-12005,2048,2048,0.0
Jiangsu-Gas_CCGT_OT-12023,2038,2038,0.0
Jiangsu-Gas_CCGT_OT-12023,2038,2048,0.0
Jiangsu-Gas_CCGT_OT-12023,2048,2048,0.0
Jiangsu-Gas_CCGT_RC-11953,2038,2038,0.0
Jiangsu-Gas_CCGT_RC-11953,2038,2048,0.0
Jiangsu-Gas_CCGT_RC-11953,2048,2048,0.0
Jiangsu-Gas_CCGT_RC-11971,2038,2038,0.0
Jiangsu-Gas_CCGT_RC-11971,2038,2048,0.0
Jiangsu-Gas_CCGT_RC-11971,2048,2048,0.0
Jiangsu-Gas_CCGT_RC-11989,2038,2038,0.0
Jiangsu-Gas_CCGT_RC-11989,2038,2048,0.0
Jiangsu-Gas_CCGT_RC-11989,2048,2048,0.0
Jiangsu-Gas_CCGT_RC-12015,2038,2038,0.0
Jiangsu-Gas_CCGT_RC-12015,2038,2048,0.0
Jiangsu-Gas_CCGT_RC-12015,2048,2048,0.0
Jiangsu-Gas_CCGT_RC-12033,2038,2038,0.0
Jiangsu-Gas_CCGT_RC-12033,2038,2048,0.0
Jiangsu-Gas_CCGT_RC-12033,2048,2048,0.0
Jiangsu-Gas_CCGT_SEA-11997,2038,2038,0.0
Jiangsu-Gas_CCGT_SEA-11997,2038,2048,0.0
Jiangsu-Gas_CCGT_SEA-11997,2048,2048,0.0
Jiangsu-Gas_Combustion_Turbine_RC-13141,2038,2038,0.0
Jiangsu-Gas_Combustion_Turbine_RC-13141,2038,2048,0.0
Jiangsu-Gas_Combustion_Turbine_RC-13141,2048,2048,0.0
Jiangsu-Hydro_NonPumped-ep-30016,1981,2038,0.0
Jiangsu-Hydro_NonPumped-ep-30016,1981,2048,0.0
Jiangsu-Hydro_NonPumped-ep-30047,1982,2038,0.0
Jiangsu-Hydro_NonPumped-ep-30047,1982,2048,0.0
Jiangsu-Hydro_NonPumped-ep-30078,1983,2038,0.0
Jiangsu-Hydro_NonPumped-ep-30078,1983,2048,0.0
Jiangsu-Hydro_NonPumped-ep-30109,1984,2038,0.0
Jiangsu-Hydro_NonPumped-ep-30109,1984,2048,0.0
Jiangsu-Hydro_NonPumped-ep-30140,1985,2038,0.0
Jiangsu-Hydro_NonPumped-ep-30140,1985,2048,0.0
Jiangsu-Hydro_NonPumped-ep-30171,1986,2038,0.0
Jiangsu-Hydro_NonPumped-ep-30171,1986,2048,0.0
Jiangsu-Hydro_NonPumped-ep-30202,1987,2038,0.0
Jiangsu-Hydro_NonPumped-ep-30202,1987,2048,0.0
Jiangsu-Hydro_NonPumped-ep-30233,1988,2038,0.0
Jiangsu-Hydro_NonPumped-ep-30233,1988,2048,0.0
Jiangsu-Hydro_NonPumped-ep-30264,1989,2038,0.0
Jiangsu-Hydro_NonPumped-ep-30264,1989,2048,0.0
Jiangsu-Hydro_NonPumped-ep-30295,1990,2038,0.0
Jiangsu-Hydro_NonPumped-ep-30295,1990,2048,0.0
Jiangsu-Hydro_NonPumped-ep-30326,1991,2038,0.0
Jiangsu-Hydro_NonPumped-ep-30326,1991,2048,0.0
Jiangsu-Hydro_NonPumped-ep-30357,1992,2038,0.0
Jiangsu-Hydro_NonPumped-ep-30357,1992,2048,0.0
Jiangsu-Hydro_NonPumped-ep-30388,1993,2038,0.0
Jiangsu-Hydro_NonPumped-ep-30388,1993,2048,0.0
Jiangsu-Hydro_NonPumped-ep-30419,1994,2038,0.0
Jiangsu-Hydro_NonPumped-ep-30419,1994,2048,0.0
Jiangsu-Hydro_NonPumped-ep-30450,1995,2038,0.0
Jiangsu-Hydro_NonPumped-ep-30450,1995,2048,0.0
Jiangsu-Hydro_NonPumped-ep-30481,1996,2038,0.0
Jiangsu-Hydro_NonPumped-ep-30481,1996,2048,0.0
Jiangsu-Hydro_NonPumped-ep-30512,1997,2038,0.0
Jiangsu-Hydro_NonPumped-ep-30512,1997,2048,0.0
Jiangsu-Hydro_NonPumped-ep-30543,1998,2038,0.0
Jiangsu-Hydro_NonPumped-ep-30543,1998,2048,0.0
Jiangsu-Hydro_NonPumped-ep-30616,2001,2038,0.0
Jiangsu-Hydro_NonPumped-ep-30616,2001,2048,0.0
Jiangsu-Hydro_NonPumped-ep-30639,2002,2038,0.0
Jiangsu-Hydro_NonPumped-ep-30639,2002,2048,0.0
Jiangsu-Hydro_NonPumped-ep-30662,2003,2038,0.0
Jiangsu-Hydro_NonPumped-ep-30662,2003,2048,0.0
Jiangsu-Hydro_NonPumped-ep-30733,2005,2038,0.0
Jiangsu-Hydro_NonPumped-ep-30733,2005,2048,0.0
Jiangsu-Hydro_NonPumped-ep-30824,2008,2038,0.0
Jiangsu-Hydro_NonPumped-ep-30824,2008,2048,0.0
Jiangsu-Hydro_NonPumped-ep-30896,2014,2038,0.0
Jiangsu-Hydro_NonPumped-ep-30896,2014,2048,0.0
Jiangsu-Hydro_NonPumped-ep-30907,2015,2038,0.0
Jiangsu-Hydro_NonPumped-ep-30907,2015,2048,0.0
Jiangsu-Hydro_NonPumped-ep-30928,2016,2038,0.0
Jiangsu-Hydro_NonPumped-ep-30928,2016,2048,0.0
Jiangsu-Hydro_NonPumped-ep-30957,2017,2038,0.0
Jiangsu-Hydro_NonPumped-ep-30957,2017,2048,0.0
Jiangsu-Hydro_Pumped-ep-35005,2010,2038,475.1898820516438
Jiangsu-Hydro_Pumped-ep-35005,2010,2048,0.0
Jiangsu-Hydro_Pumped-ep-35022,2002,2038,43.49962303658403
Jiangsu-Hydro_Pumped-ep-35022,2002,2048,0.0
Jiangsu-Hydro_Pumped-ep-35028,2008,2038,434.9962303658404
Jiangsu-Hydro_Pumped-ep-35028,2008,2048,0.0
Jiangsu-Hydro_Pumped-ep-35037,2020,2038,587.2449109938856
Jiangsu-Hydro_Pumped-ep-35037,2020,2048,0.0
Jiangsu-Nuclear_EP_SEA-ep-3085,2020,2038,0.0
Jiangsu-Nuclear_EP_SEA-ep-3085,2020,2048,0.0
Jiangsu-Nuclear_EP_SEA-ep-3086,2020,2038,0.0
Jiangsu-Nuclear_EP_SEA-ep-3086,2020,2048,0.0
Jiangsu-Nuclear_EP_SEA-ep-60012,2007,2038,0.0
Jiangsu-Nuclear_EP_SEA-ep-60013,2007,2038,0.0
Jiangsu-Nuclear_SEA-13132,2038,2038,0.0
Jiangsu-Nuclear_SEA-13132,2038,2048,0.0
Jiangsu-Nuclear_SEA-13132,2048,2048,0.0
Jiangsu-Nuclear_SMR-13140,2038,2038,0.0
Jiangsu-Nuclear_SMR-13140,2038,2048,0.0
Jiangsu-Nuclear_SMR-13140,2048,2048,0.0
Jiangsu-Offshore_Wind-13135,2038,2038,0.0
Jiangsu-Offshore_Wind-13135,2038,2048,0.0
Jiangsu-Offshore_Wind-13135,2048,2048,0.0
Jiangsu-Residential_PV-274,2038,2038,0.0
Jiangsu-Residential_PV-274,2038,2048,0.0
Jiangsu-Residential_PV-274,2048,2048,0.0
Jiangsu-Residential_PV-275,2038,2038,0.0
Jiangsu-Residential_PV-275,2038,2048,0.0
Jiangsu-Residential_PV-275,2048,2048,0.0
Jiangsu-Residential_PV-276,2038,2038,0.0
Jiangsu-Residential_PV-276,2038,2048,0.0
Jiangsu-Residential_PV-276,2048,2048,0.0
Jiangsu-Residential_PV-277,2038,2038,0.0
Jiangsu-Residential_PV-277,2038,2048,0.0
Jiangsu-Residential_PV-277,2048,2048,0.0
Jiangsu-Residential_PV-278,2038,2038,0.0
Jiangsu-Residential_PV-278,2038,2048,0.0
Jiangsu-Residential_PV-278,2048,2048,0.0
Jiangsu-Residential_PV-357,2038,2038,0.0
Jiangsu-Residential_PV-357,2038,2048,0.0
Jiangsu-Residential_PV-357,2048,2048,0.0
Jiangsu-Residential_PV-370,2038,2038,0.0
Jiangsu-Residential_PV-370,2038,2048,0.0
Jiangsu-Residential_PV-370,2048,2048,0.0
Jiangsu-Wind-1078,2038,2038,0.0
Jiangsu-Wind-1078,2038,2048,0.0
Jiangsu-Wind-1078,2048,2048,0.0
Jiangsu-Wind-1079,2038,2038,0.0
Jiangsu-Wind-1079,2038,2048,0.0
Jiangsu-Wind-1079,2048,2048,0.0
Jiangsu-Wind-1080,2038,2038,0.0
Jiangsu-Wind-1080,2038,2048,0.0
Jiangsu-Wind-1080,2048,2048,0.0
Jiangsu-Wind-1084,2038,2038,0.0
Jiangsu-Wind-1084,2038,2048,0.0
Jiangsu-Wind-1084,2048,2048,0.0
Jiangsu-Wind-1085,2038,2038,0.0
Jiangsu-Wind-1085,2038,2048,0.0
Jiangsu-Wind-1085,2048,2048,0.0
Jiangsu-Wind-1088,2038,2038,0.0
Jiangsu-Wind-1088,2038,2048,0.0
Jiangsu-Wind-1088,2048,2048,0.0
Jiangsu-Wind-1089,2038,2038,0.0
Jiangsu-Wind-1089,2038,2048,0.0
Jiangsu-Wind-1089,2048,2048,0.0
Jiangsu-Wind-1092,2038,2038,0.0
Jiangsu-Wind-1092,2038,2048,0.0
Jiangsu-Wind-1092,2048,2048,0.0
Jiangsu-Wind-1093,2038,2038,0.0
Jiangsu-Wind-1093,2038,2048,0.0
Jiangsu-Wind-1093,2048,2048,0.0
Jiangsu-Wind-1094,2038,2038,0.0
Jiangsu-Wind-1094,2038,2048,0.0
Jiangsu-Wind-1094,2048,2048,0.0
Jiangsu-Wind-1096,2038,2038,0.0
Jiangsu-Wind-1096,2038,2048,0.0
Jiangsu-Wind-1096,2048,2048,0.0
Jiangsu-Wind-1159,2038,2038,0.0
Jiangsu-Wind-1159,2038,2048,0.0
Jiangsu-Wind-1159,2048,2048,0.0
Jiangsu-Wind_EP-ep-40053,2009,2038,0.0
Jiangsu-Wind_EP-ep-40089,2012,2038,0.0
Jiangsu-Wind_EP-ep-40116,2013,2038,0.0
Jiangsu-Wind_EP-ep-40143,2014,2038,0.0
Jiangsu-Wind_EP-ep-40172,2015,2038,0.0
Jiangsu-Wind_EP-ep-40200,2016,2038,0.0
Jiangsu-Wind_EP-ep-40227,2017,2038,0.0
Jiangsu-Wind_EP-ep-40249,2010,2038,0.0
Jiangsu-Wind_EP-ep-40270,2011,2038,0.0
Jiangsu_Fuel_Cell,2038,2038,0.0
Jiangsu_Fuel_Cell,2038,2048,0.0
Jiangsu_Fuel_Cell,2048,2048,0.0
Shanghai-Battery_Storage-11180,2038,2038,0.0
Shanghai-Battery_Storage-11180,2038,2048,0.0
Shanghai-Battery_Storage-11180,2048,2048,0.0
Shanghai-Central_PV-509,2038,2038,0.0
Shanghai-Central_PV-509,2038,2048,0.0
Shanghai-Central_PV-509,2048,2048,0.0
Shanghai-Central_PV_EP-ep-50003,2016,2038,0.0
Shanghai-Central_PV_EP-ep-50005,2011,2038,0.0
Shanghai-Central_PV_EP-ep-50044,2013,2038,0.0
Shanghai-Central_PV_EP-ep-50074,2014,2038,0.0
Shanghai-Central_PV_EP-ep-50103,2015,2038,0.0
Shanghai-Central_PV_EP-ep-50164,2017,2038,0.0
Shanghai-Coal_1000_OT-11911,2038,2038,0.0
Shanghai-Coal_1000_OT-11911,2038,2048,0.0
Shanghai-Coal_1000_OT-11911,2048,2048,0.0
Shanghai-Coal_1000_OT-11911_CCS,2038,2038,0.0
Shanghai-Coal_1000_OT-11911_CCS,2038,2048,0.0
Shanghai-Coal_1000_OT-11911_CCS,2048,2048,0.0
Shanghai-Coal_1000_OT-11911_H2,2038,2038,0.0
Shanghai-Coal_1000_OT-11911_H2,2038,2048,0.0
Shanghai-Coal_1000_OT-11911_H2,2048,2048,0.0
Shanghai-Coal_1000_RC-11919,2038,2038,0.0
Shanghai-Coal_1000_RC-11919,2038,2048,0.0
Shanghai-Coal_1000_RC-11919,2048,2048,0.0
Shanghai-Coal_1000_RC-11919_CCS,2038,2038,0.0
Shanghai-Coal_1000_RC-11919_CCS,2038,2048,0.0
Shanghai-Coal_1000_RC-11919_CCS,2048,2048,0.0
Shanghai-Coal_1000_RC-11919_H2,2038,2038,0.0
Shanghai-Coal_1000_RC-11919_H2,2038,2048,0.0
Shanghai-Coal_1000_RC-11919_H2,2048,2048,0.0
Shanghai-Coal_1000_SEA-11929,2038,2038,0.0
Shanghai-Coal_1000_SEA-11929,2038,2048,0.0
Shanghai-Coal_1000_SEA-11929,2048,2048,0.0
Shanghai-Coal_1000_SEA-11929_CCS,2038,2038,0.0
Shanghai-Coal_1000_SEA-11929_CCS,2038,2048,0.0
Shanghai-Coal_1000_SEA-11929_CCS,2048,2048,0.0
Shanghai-Coal_1000_SEA-11929_H2,2038,2038,0.0
Shanghai-Coal_1000_SEA-11929_H2,2038,2048,0.0
Shanghai-Coal_1000_SEA-11929_H2,2048,2048,0.0
Shanghai-Coal_300_OT-11915,2038,2038,0.0
Shanghai-Coal_300_OT-11915,2038,2048,0.0
Shanghai-Coal_300_OT-11915,2048,2048,0.0
Shanghai-Coal_300_OT-11915_CCS,2038,2038,0.0
Shanghai-Coal_300_OT-11915_CCS,2038,2048,0.0
Shanghai-Coal_300_OT-11915_CCS,2048,2048,0.0
Shanghai-Coal_300_OT-11915_H2,2038,2038,0.0
Shanghai-Coal_300_OT-11915_H2,2038,2048,0.0
Shanghai-Coal_300_OT-11915_H2,2048,2048,0.0
Shanghai-Coal_300_RC-11923,2038,2038,0.0
Shanghai-Coal_300_RC-11923,2038,2048,0.0
Shanghai-Coal_300_RC-11923,2048,2048,0.0
Shanghai-Coal_300_RC-11923_CCS,2038,2038,0.0
Shanghai-Coal_300_RC-11923_CCS,2038,2048,0.0
Shanghai-Coal_300_RC-11923_CCS,2048,2048,0.0
Shanghai-Coal_300_RC-11923_H2,2038,2038,0.0
Shanghai-Coal_300_RC-11923_H2,2038,2048,0.0
Shanghai-Coal_300_RC-11923_H2,2048,2048,0.0
Shanghai-Coal_300_SEA-11933,2038,2038,0.0
Shanghai-Coal_300_SEA-11933,2038,2048,-0.0
Shanghai-Coal_300_SEA-11933,2048,2048,0.0
Shanghai-Coal_300_SEA-11933_CCS,2038,2038,0.0
Shanghai-Coal_300_SEA-11933_CCS,2038,2048,0.0
Shanghai-Coal_300_SEA-11933_CCS,2048,2048,0.0
Shanghai-Coal_300_SEA-11933_H2,2038,2038,0.0
Shanghai-Coal_300_SEA-11933_H2,2038,2048,0.0
Shanghai-Coal_300_SEA-11933_H2,2048,2048,0.0
Shanghai-Coal_600_OT-11913,2038,2038,0.0
Shanghai-Coal_600_OT-11913,2038,2048,0.0
Shanghai-Coal_600_OT-11913,2048,2048,0.0
Shanghai-Coal_600_OT-11913_CCS,2038,2038,0.0
Shanghai-Coal_600_OT-11913_CCS,2038,2048,0.0
Shanghai-Coal_600_OT-11913_CCS,2048,2048,0.0
Shanghai-Coal_600_OT-11913_H2,2038,2038,0.0
Shanghai-Coal_600_OT-11913_H2,2038,2048,0.0
Shanghai-Coal_600_OT-11913_H2,2048,2048,0.0
Shanghai-Coal_600_RC-11921,2038,2038,0.0
Shanghai-Coal_600_RC-11921,2038,2048,-0.0
Shanghai-Coal_600_RC-11921,2048,2048,0.0
Shanghai-Coal_600_RC-11921_CCS,2038,2038,0.0
Shanghai-Coal_600_RC-11921_CCS,2038,2048,0.0
Shanghai-Coal_600_RC-11921_CCS,2048,2048,0.0
Shanghai-Coal_600_RC-11921_H2,2038,2038,0.0
Shanghai-Coal_600_RC-11921_H2,2038,2048,0.0
Shanghai-Coal_600_RC-11921_H2,2048,2048,0.0
Shanghai-Coal_600_SEA-11931,2038,2038,0.0
Shanghai-Coal_600_SEA-11931,2038,2048,-0.0
Shanghai-Coal_600_SEA-11931,2048,2048,0.0
Shanghai-Coal_600_SEA-11931_CCS,2038,2038,0.0
Shanghai-Coal_600_SEA-11931_CCS,2038,2048,0.0
Shanghai-Coal_600_SEA-11931_CCS,2048,2048,0.0
Shanghai-Coal_600_SEA-11931_H2,2038,2038,0.0
Shanghai-Coal_600_SEA-11931_H2,2038,2048,0.0
Shanghai-Coal_600_SEA-11931_H2,2048,2048,0.0
Shanghai-Coal_IGCC_RC-11925,2038,2038,0.0
Shanghai-Coal_IGCC_RC-11925,2038,2048,0.0
Shanghai-Coal_IGCC_RC-11925,2048,2048,0.0
Shanghai-Coal_IGCC_RC-11925_CCS,2038,2038,0.0
Shanghai-Coal_IGCC_RC-11925_CCS,2038,2048,0.0
Shanghai-Coal_IGCC_RC-11925_CCS,2048,2048,0.0
Shanghai-Coal_IGCC_RC-11925_H2,2038,2038,0.0
Shanghai-Coal_IGCC_RC-11925_H2,2038,2048,0.0
Shanghai-Coal_IGCC_RC-11925_H2,2048,2048,0.0
Shanghai-Commercial_PV-109,2038,2038,0.0
Shanghai-Commercial_PV-109,2038,2048,0.0
Shanghai-Commercial_PV-109,2048,2048,0.0
Shanghai-EP_Coal_1000_OT-ep-789,2008,2038,0.0
Shanghai-EP_Coal_1000_OT-ep-790,2008,2038,0.0
Shanghai-EP_Coal_1000_OT-ep-791,2004,2038,0.0
Shanghai-EP_Coal_1000_OT-ep-792,2004,2038,0.0
Shanghai-EP_Coal_1000_SEA-ep-787,2010,2038,0.0
Shanghai-EP_Coal_1000_SEA-ep-787,2010,2048,0.0
Shanghai-EP_Coal_1000_SEA-ep-788,2010,2038,0.0
Shanghai-EP_Coal_1000_SEA-ep-788,2010,2048,0.0
Shanghai-EP_Coal_300_OT-ep-809,2008,2038,0.0
Shanghai-EP_Coal_300_OT-ep-823,2010,2038,0.0
Shanghai-EP_Coal_300_OT-ep-824,2010,2038,0.0
Shanghai-EP_Coal_600_OT-ep-793,2009,2038,0.0
Shanghai-EP_Coal_600_OT-ep-793,2009,2048,0.0
Shanghai-EP_Coal_600_OT-ep-794,2009,2038,0.0
Shanghai-EP_Coal_600_OT-ep-794,2009,2048,0.0
Shanghai-EP_Coal_600_RC-ep-795,2001,2038,0.0
Shanghai-EP_Coal_600_RC-ep-796,2000,2038,0.0
Shanghai-Gas_CCGT_OT-11917,2038,2038,0.0
Shanghai-Gas_CCGT_OT-11917,2038,2048,0.0
Shanghai-Gas_CCGT_OT-11917,2048,2048,0.0
Shanghai-Gas_CCGT_RC-11927,2038,2038,0.0
Shanghai-Gas_CCGT_RC-11927,2038,2048,0.0
Shanghai-Gas_CCGT_RC-11927,2048,2048,0.0
Shanghai-Gas_CCGT_SEA-11935,2038,2038,0.0
Shanghai-Gas_CCGT_SEA-11935,2038,2048,0.0
Shanghai-Gas_CCGT_SEA-11935,2048,2048,0.0
Shanghai-Gas_Combustion_Turbine_RC-13158,2038,2038,0.0
Shanghai-Gas_Combustion_Turbine_RC-13158,2038,2048,0.0
Shanghai-Gas_Combustion_Turbine_RC-13158,2048,2048,0.0
Shanghai-Offshore_Wind-13152,2038,2038,-0.0
Shanghai-Offshore_Wind-13152,2038,2048,-0.0
Shanghai-Offshore_Wind-13152,2048,2048,0.0
Shanghai-Residential_PV-309,2038,2038,0.0
Shanghai-Residential_PV-309,2038,2048,0.0
Shanghai-Residential_PV-309,2048,2048,0.0
Shanghai-Wind-1068,2038,2038,-0.0
Shanghai-Wind-1068,2038,2048,-0.0
Shanghai-Wind-1068,2048,2048,0.0
Shanghai-Wind-1069,2038,2038,-0.0
Shanghai-Wind-1069,2038,2048,-0.0
Shanghai-Wind-1069,2048,2048,0.0
Shanghai-Wind-1072,2038,2038,-0.0
Shanghai-Wind-1072,2038,2048,-0.0
Shanghai-Wind-1072,2048,2048,0.0
Shanghai-Wind_EP-ep-40003,2016,2038,100.8
Shanghai-Wind_EP-ep-40070,2011,2038,69.4
Shanghai-Wind_EP-ep-40096,2012,2038,20.0
Shanghai-Wind_EP-ep-40124,2013,2038,88.0
Shanghai-Wind_EP-ep-40151,2014,2038,48.0
Shanghai-Wind_EP-ep-40179,2015,2038,245.7
Shanghai-Wind_EP-ep-40255,2010,2038,100.0
Shanghai_Fuel_Cell,2038,2038,0.0
Shanghai_Fuel_Cell,2038,2048,0.0
Shanghai_Fuel_Cell,2048,2048,0.0
Zhejiang-Battery_Storage-11181,2038,2038,0.0
Zhejiang-Battery_Storage-11181,2038,2048,0.0
Zhejiang-Battery_Storage-11181,2048,2048,0.0
Zhejiang-Central_PV-547,2038,2038,0.0
Zhejiang-Central_PV-547,2038,2048,0.0
Zhejiang-Central_PV-547,2048,2048,0.0
Zhejiang-Central_PV-548,2038,2038,0.0
Zhejiang-Central_PV-548,2038,2048,0.0
Zhejiang-Central_PV-548,2048,2048,0.0
Zhejiang-Central_PV-549,2038,2038,0.0
Zhejiang-Central_PV-549,2038,2048,0.0
Zhejiang-Central_PV-549,2048,2048,0.0
Zhejiang-Central_PV-550,2038,2038,0.0
Zhejiang-Central_PV-550,2038,2048,0.0
Zhejiang-Central_PV-550,2048,2048,0.0
Zhejiang-Central_PV-551,2038,2038,0.0
Zhejiang-Central_PV-551,2038,2048,0.0
Zhejiang-Central_PV-551,2048,2048,0.0
Zhejiang-Central_PV_EP-ep-50011,2011,2038,0.0
Zhejiang-Central_PV_EP-ep-50025,2012,2038,0.0
Zhejiang-Central_PV_EP-ep-50052,2013,2038,0.0
Zhejiang-Central_PV_EP-ep-50082,2014,2038,0.0
Zhejiang-Central_PV_EP-ep-50111,2015,2038,0.0
Zhejiang-Central_PV_EP-ep-50142,2016,2038,0.0
Zhejiang-Central_PV_EP-ep-50171,2017,2038,0.0
Zhejiang-Coal_1000_OT-12063,2038,2038,0.0
Zhejiang-Coal_1000_OT-12063,2038,2048,0.0
Zhejiang-Coal_1000_OT-12063,2048,2048,0.0
Zhejiang-Coal_1000_OT-12063_CCS,2038,2038,0.0
Zhejiang-Coal_1000_OT-12063_CCS,2038,2048,0.0
Zhejiang-Coal_1000_OT-12063_CCS,2048,2048,0.0
Zhejiang-Coal_1000_OT-12063_H2,2038,2038,0.0
Zhejiang-Coal_1000_OT-12063_H2,2038,2048,0.0
Zhejiang-Coal_1000_OT-12063_H2,2048,2048,0.0
Zhejiang-Coal_1000_RC-12035,2038,2038,0.0
Zhejiang-Coal_1000_RC-12035,2038,2048,-0.0
Zhejiang-Coal_1000_RC-12035,2048,2048,0.0
Zhejiang-Coal_1000_RC-12035_CCS,2038,2038,0.0
Zhejiang-Coal_1000_RC-12035_CCS,2038,2048,0.0
Zhejiang-Coal_1000_RC-12035_CCS,2048,2048,0.0
Zhejiang-Coal_1000_RC-12035_H2,2038,2038,0.0
Zhejiang-Coal_1000_RC-12035_H2,2038,2048,0.0
Zhejiang-Coal_1000_RC-12035_H2,2048,2048,0.0
Zhejiang-Coal_1000_RC-12045,2038,2038,0.0
Zhejiang-Coal_1000_RC-12045,2038,2048,-0.0
Zhejiang-Coal_1000_RC-12045,2048,2048,0.0
Zhejiang-Coal_1000_RC-12045_CCS,2038,2038,0.0
Zhejiang-Coal_1000_RC-12045_CCS,2038,2048,0.0
Zhejiang-Coal_1000_RC-12045_CCS,2048,2048,0.0
Zhejiang-Coal_1000_RC-12045_H2,2038,2038,0.0
Zhejiang-Coal_1000_RC-12045_H2,2038,2048,0.0
Zhejiang-Coal_1000_RC-12045_H2,2048,2048,0.0
Zhejiang-Coal_1000_RC-12071,2038,2038,0.0
Zhejiang-Coal_1000_RC-12071,2038,2048,-0.0
Zhejiang-Coal_1000_RC-12071,2048,2048,0.0
Zhejiang-Coal_1000_RC-12071_CCS,2038,2038,0.0
Zhejiang-Coal_1000_RC-12071_CCS,2038,2048,0.0
Zhejiang-Coal_1000_RC-12071_CCS,2048,2048,0.0
Zhejiang-Coal_1000_RC-12071_H2,2038,2038,0.0
Zhejiang-Coal_1000_RC-12071_H2,2038,2048,0.0
Zhejiang-Coal_1000_RC-12071_H2,2048,2048,0.0
Zhejiang-Coal_1000_RC-12089,2038,2038,0.0
Zhejiang-Coal_1000_RC-12089,2038,2048,0.0
Zhejiang-Coal_1000_RC-12089,2048,2048,0.0
Zhejiang-Coal_1000_RC-12089_CCS,2038,2038,0.0
Zhejiang-Coal_1000_RC-12089_CCS,2038,2048,0.0
Zhejiang-Coal_1000_RC-12089_CCS,2048,2048,0.0
Zhejiang-Coal_1000_RC-12089_H2,2038,2038,0.0
Zhejiang-Coal_1000_RC-12089_H2,2038,2048,0.0
Zhejiang-Coal_1000_RC-12089_H2,2048,2048,0.0
Zhejiang-Coal_1000_SEA-12055,2038,2038,0.0
Zhejiang-Coal_1000_SEA-12055,2038,2048,-0.0
Zhejiang-Coal_1000_SEA-12055,2048,2048,0.0
Zhejiang-Coal_1000_SEA-12055_CCS,2038,2038,0.0
Zhejiang-Coal_1000_SEA-12055_CCS,2038,2048,0.0
Zhejiang-Coal_1000_SEA-12055_CCS,2048,2048,0.0
Zhejiang-Coal_1000_SEA-12055_H2,2038,2038,0.0
Zhejiang-Coal_1000_SEA-12055_H2,2038,2048,0.0
Zhejiang-Coal_1000_SEA-12055_H2,2048,2048,0.0
Zhejiang-Coal_1000_SEA-12081,2038,2038,0.0
Zhejiang-Coal_1000_SEA-12081,2038,2048,-0.0
Zhejiang-Coal_1000_SEA-12081,2048,2048,0.0
Zhejiang-Coal_1000_SEA-12081_CCS,2038,2038,0.0
Zhejiang-Coal_1000_SEA-12081_CCS,2038,2048,0.0
Zhejiang-Coal_1000_SEA-12081_CCS,2048,2048,0.0
Zhejiang-Coal_1000_SEA-12081_H2,2038,2038,0.0
Zhejiang-Coal_1000_SEA-12081_H2,2038,2048,0.0
Zhejiang-Coal_1000_SEA-12081_H2,2048,2048,0.0
Zhejiang-Coal_1000_SEA-12099,2038,2038,0.0
Zhejiang-Coal_1000_SEA-12099,2038,2048,-0.0
Zhejiang-Coal_1000_SEA-12099,2048,2048,0.0
Zhejiang-Coal_1000_SEA-12099_CCS,2038,2038,0.0
Zhejiang-Coal_1000_SEA-12099_CCS,2038,2048,0.0
Zhejiang-Coal_1000_SEA-12099_CCS,2048,2048,0.0
Zhejiang-Coal_1000_SEA-12099_H2,2038,2038,0.0
Zhejiang-Coal_1000_SEA-12099_H2,2038,2048,0.0
Zhejiang-Coal_1000_SEA-12099_H2,2048,2048,0.0
Zhejiang-Coal_300_OT-12067,2038,2038,0.0
Zhejiang-Coal_300_OT-12067,2038,2048,-0.0
Zhejiang-Coal_300_OT-12067,2048,2048,0.0
Zhejiang-Coal_300_OT-12067_CCS,2038,2038,0.0
Zhejiang-Coal_300_OT-12067_CCS,2038,2048,0.0
Zhejiang-Coal_300_OT-12067_CCS,2048,2048,0.0
Zhejiang-Coal_300_OT-12067_H2,2038,2038,0.0
Zhejiang-Coal_300_OT-12067_H2,2038,2048,0.0
Zhejiang-Coal_300_OT-12067_H2,2048,2048,0.0
Zhejiang-Coal_300_RC-12039,2038,2038,0.0
Zhejiang-Coal_300_RC-12039,2038,2048,0.0
Zhejiang-Coal_300_RC-12039,2048,2048,0.0
Zhejiang-Coal_300_RC-12039_CCS,2038,2038,0.0
Zhejiang-Coal_300_RC-12039_CCS,2038,2048,0.0
Zhejiang-Coal_300_RC-12039_CCS,2048,2048,0.0
Zhejiang-Coal_300_RC-12039_H2,2038,2038,0.0
Zhejiang-Coal_300_RC-12039_H2,2038,2048,0.0
Zhejiang-Coal_300_RC-12039_H2,2048,2048,0.0
Zhejiang-Coal_300_RC-12049,2038,2038,0.0
Zhejiang-Coal_300_RC-12049,2038,2048,0.0
Zhejiang-Coal_300_RC-12049,2048,2048,0.0
Zhejiang-Coal_300_RC-12049_CCS,2038,2038,0.0
Zhejiang-Coal_300_RC-12049_CCS,2038,2048,0.0
Zhejiang-Coal_300_RC-12049_CCS,2048,2048,0.0
Zhejiang-Coal_300_RC-12049_H2,2038,2038,0.0
Zhejiang-Coal_300_RC-12049_H2,2038,2048,0.0
Zhejiang-Coal_300_RC-12049_H2,2048,2048,0.0
Zhejiang-Coal_300_RC-12075,2038,2038,0.0
Zhejiang-Coal_300_RC-12075,2038,2048,0.0
Zhejiang-Coal_300_RC-12075,2048,2048,0.0
Zhejiang-Coal_300_RC-12075_CCS,2038,2038,0.0
Zhejiang-Coal_300_RC-12075_CCS,2038,2048,0.0
Zhejiang-Coal_300_RC-12075_CCS,2048,2048,0.0
Zhejiang-Coal_300_RC-12075_H2,2038,2038,0.0
Zhejiang-Coal_300_RC-12075_H2,2038,2048,0.0
Zhejiang-Coal_300_RC-12075_H2,2048,2048,0.0
Zhejiang-Coal_300_RC-12093,2038,2038,0.0
Zhejiang-Coal_300_RC-12093,2038,2048,-0.0
Zhejiang-Coal_300_RC-12093,2048,2048,0.0
Zhejiang-Coal_300_RC-12093_CCS,2038,2038,0.0
Zhejiang-Coal_300_RC-12093_CCS,2038,2048,0.0
Zhejiang-Coal_300_RC-12093_CCS,2048,2048,0.0
Zhejiang-Coal_300_RC-12093_H2,2038,2038,0.0
Zhejiang-Coal_300_RC-12093_H2,2038,2048,0.0
Zhejiang-Coal_300_RC-12093_H2,2048,2048,0.0
Zhejiang-Coal_300_SEA-12059,2038,2038,0.0
Zhejiang-Coal_300_SEA-12059,2038,2048,-0.0
Zhejiang-Coal_300_SEA-12059,2048,2048,0.0
Zhejiang-Coal_300_SEA-12059_CCS,2038,2038,0.0
Zhejiang-Coal_300_SEA-12059_CCS,2038,2048,0.0
Zhejiang-Coal_300_SEA-12059_CCS,2048,2048,0.0
Zhejiang-Coal_300_SEA-12059_H2,2038,2038,0.0
Zhejiang-Coal_300_SEA-12059_H2,2038,2048,0.0
Zhejiang-Coal_300_SEA-12059_H2,2048,2048,0.0
Zhejiang-Coal_300_SEA-12085,2038,2038,0.0
Zhejiang-Coal_300_SEA-12085,2038,2048,0.0
Zhejiang-Coal_300_SEA-12085,2048,2048,0.0
Zhejiang-Coal_300_SEA-12085_CCS,2038,2038,0.0
Zhejiang-Coal_300_SEA-12085_CCS,2038,2048,0.0
Zhejiang-Coal_300_SEA-12085_CCS,2048,2048,0.0
Zhejiang-Coal_300_SEA-12085_H2,2038,2038,0.0
Zhejiang-Coal_300_SEA-12085_H2,2038,2048,0.0
Zhejiang-Coal_300_SEA-12085_H2,2048,2048,0.0
Zhejiang-Coal_300_SEA-12103,2038,2038,0.0
Zhejiang-Coal_300_SEA-12103,2038,2048,0.0
Zhejiang-Coal_300_SEA-12103,2048,2048,0.0
Zhejiang-Coal_300_SEA-12103_CCS,2038,2038,0.0
Zhejiang-Coal_300_SEA-12103_CCS,2038,2048,0.0
Zhejiang-Coal_300_SEA-12103_CCS,2048,2048,0.0
Zhejiang-Coal_300_SEA-12103_H2,2038,2038,0.0
Zhejiang-Coal_300_SEA-12103_H2,2038,2048,0.0
Zhejiang-Coal_300_SEA-12103_H2,2048,2048,0.0
Zhejiang-Coal_600_OT-12065,2038,2038,0.0
Zhejiang-Coal_600_OT-12065,2038,2048,-0.0
Zhejiang-Coal_600_OT-12065,2048,2048,0.0
Zhejiang-Coal_600_OT-12065_CCS,2038,2038,0.0
Zhejiang-Coal_600_OT-12065_CCS,2038,2048,0.0
Zhejiang-Coal_600_OT-12065_CCS,2048,2048,0.0
Zhejiang-Coal_600_OT-12065_H2,2038,2038,0.0
Zhejiang-Coal_600_OT-12065_H2,2038,2048,0.0
Zhejiang-Coal_600_OT-12065_H2,2048,2048,0.0
Zhejiang-Coal_600_RC-12037,2038,2038,0.0
Zhejiang-Coal_600_RC-12037,2038,2048,-0.0
Zhejiang-Coal_600_RC-12037,2048,2048,0.0
Zhejiang-Coal_600_RC-12037_CCS,2038,2038,0.0
Zhejiang-Coal_600_RC-12037_CCS,2038,2048,0.0
Zhejiang-Coal_600_RC-12037_CCS,2048,2048,0.0
Zhejiang-Coal_600_RC-12037_H2,2038,2038,0.0
Zhejiang-Coal_600_RC-12037_H2,2038,2048,0.0
Zhejiang-Coal_600_RC-12037_H2,2048,2048,0.0
Zhejiang-Coal_600_RC-12047,2038,2038,0.0
Zhejiang-Coal_600_RC-12047,2038,2048,-0.0
Zhejiang-Coal_600_RC-12047,2048,2048,0.0
Zhejiang-Coal_600_RC-12047_CCS,2038,2038,0.0
Zhejiang-Coal_600_RC-12047_CCS,2038,2048,0.0
Zhejiang-Coal_600_RC-12047_CCS,2048,2048,0.0
Zhejiang-Coal_600_RC-12047_H2,2038,2038,0.0
Zhejiang-Coal_600_RC-12047_H2,2038,2048,0.0
Zhejiang-Coal_600_RC-12047_H2,2048,2048,0.0
Zhejiang-Coal_600_RC-12073,2038,2038,0.0
Zhejiang-Coal_600_RC-12073,2038,2048,-0.0
Zhejiang-Coal_600_RC-12073,2048,2048,0.0
Zhejiang-Coal_600_RC-12073_CCS,2038,2038,0.0
Zhejiang-Coal_600_RC-12073_CCS,2038,2048,0.0
Zhejiang-Coal_600_RC-12073_CCS,2048,2048,0.0
Zhejiang-Coal_600_RC-12073_H2,2038,2038,0.0
Zhejiang-Coal_600_RC-12073_H2,2038,2048,0.0
Zhejiang-Coal_600_RC-12073_H2,2048,2048,0.0
Zhejiang-Coal_600_RC-12091,2038,2038,0.0
Zhejiang-Coal_600_RC-12091,2038,2048,-0.0
Zhejiang-Coal_600_RC-12091,2048,2048,0.0
Zhejiang-Coal_600_RC-12091_CCS,2038,2038,0.0
Zhejiang-Coal_600_RC-12091_CCS,2038,2048,0.0
Zhejiang-Coal_600_RC-12091_CCS,2048,2048,0.0
Zhejiang-Coal_600_RC-12091_H2,2038,2038,0.0
Zhejiang-Coal_600_RC-12091_H2,2038,2048,0.0
Zhejiang-Coal_600_RC-12091_H2,2048,2048,0.0
Zhejiang-Coal_600_SEA-12057,2038,2038,0.0
Zhejiang-Coal_600_SEA-12057,2038,2048,-0.0
Zhejiang-Coal_600_SEA-12057,2048,2048,0.0
Zhejiang-Coal_600_SEA-12057_CCS,2038,2038,0.0
Zhejiang-Coal_600_SEA-12057_CCS,2038,2048,0.0
Zhejiang-Coal_600_SEA-12057_CCS,2048,2048,0.0
Zhejiang-Coal_600_SEA-12057_H2,2038,2038,0.0
Zhejiang-Coal_600_SEA-12057_H2,2038,2048,0.0
Zhejiang-Coal_600_SEA-12057_H2,2048,2048,0.0
Zhejiang-Coal_600_SEA-12083,2038,2038,0.0
Zhejiang-Coal_600_SEA-12083,2038,2048,-0.0
Zhejiang-Coal_600_SEA-12083,2048,2048,0.0
Zhejiang-Coal_600_SEA-12083_CCS,2038,2038,0.0
Zhejiang-Coal_600_SEA-12083_CCS,2038,2048,0.0
Zhejiang-Coal_600_SEA-12083_CCS,2048,2048,0.0
Zhejiang-Coal_600_SEA-12083_H2,2038,2038,0.0
Zhejiang-Coal_600_SEA-12083_H2,2038,2048,0.0
Zhejiang-Coal_600_SEA-12083_H2,2048,2048,0.0
Zhejiang-Coal_600_SEA-12101,2038,2038,0.0
Zhejiang-Coal_600_SEA-12101,2038,2048,-0.0
Zhejiang-Coal_600_SEA-12101,2048,2048,0.0
Zhejiang-Coal_600_SEA-12101_CCS,2038,2038,0.0
Zhejiang-Coal_600_SEA-12101_CCS,2038,2048,0.0
Zhejiang-Coal_600_SEA-12101_CCS,2048,2048,0.0
Zhejiang-Coal_600_SEA-12101_H2,2038,2038,0.0
Zhejiang-Coal_600_SEA-12101_H2,2038,2048,0.0
Zhejiang-Coal_600_SEA-12101_H2,2048,2048,0.0
Zhejiang-Coal_IGCC_RC-12041,2038,2038,0.0
Zhejiang-Coal_IGCC_RC-12041,2038,2048,0.0
Zhejiang-Coal_IGCC_RC-12041,2048,2048,0.0
Zhejiang-Coal_IGCC_RC-12041_CCS,2038,2038,0.0
Zhejiang-Coal_IGCC_RC-12041_CCS,2038,2048,0.0
Zhejiang-Coal_IGCC_RC-12041_CCS,2048,2048,0.0
Zhejiang-Coal_IGCC_RC-12041_H2,2038,2038,0.0
Zhejiang-Coal_IGCC_RC-12041_H2,2038,2048,0.0
Zhejiang-Coal_IGCC_RC-12041_H2,2048,2048,0.0
Zhejiang-Coal_IGCC_RC-12051,2038,2038,0.0
Zhejiang-Coal_IGCC_RC-12051,2038,2048,0.0
Zhejiang-Coal_IGCC_RC-12051,2048,2048,0.0
Zhejiang-Coal_IGCC_RC-12051_CCS,2038,2038,0.0
Zhejiang-Coal_IGCC_RC-12051_CCS,2038,2048,0.0
Zhejiang-Coal_IGCC_RC-12051_CCS,2048,2048,0.0
Zhejiang-Coal_IGCC_RC-12051_H2,2038,2038,0.0
Zhejiang-Coal_IGCC_RC-12051_H2,2038,2048,0.0
Zhejiang-Coal_IGCC_RC-12051_H2,2048,2048,0.0
Zhejiang-Coal_IGCC_RC-12077,2038,2038,0.0
Zhejiang-Coal_IGCC_RC-12077,2038,2048,-0.0
Zhejiang-Coal_IGCC_RC-12077,2048,2048,0.0
Zhejiang-Coal_IGCC_RC-12077_CCS,2038,2038,0.0
Zhejiang-Coal_IGCC_RC-12077_CCS,2038,2048,0.0
Zhejiang-Coal_IGCC_RC-12077_CCS,2048,2048,0.0
Zhejiang-Coal_IGCC_RC-12077_H2,2038,2038,0.0
Zhejiang-Coal_IGCC_RC-12077_H2,2038,2048,0.0
Zhejiang-Coal_IGCC_RC-12077_H2,2048,2048,0.0
Zhejiang-Coal_IGCC_RC-12095,2038,2038,0.0
Zhejiang-Coal_IGCC_RC-12095,2038,2048,0.0
Zhejiang-Coal_IGCC_RC-12095,2048,2048,0.0
Zhejiang-Coal_IGCC_RC-12095_CCS,2038,2038,0.0
Zhejiang-Coal_IGCC_RC-12095_CCS,2038,2048,0.0
Zhejiang-Coal_IGCC_RC-12095_CCS,2048,2048,0.0
Zhejiang-Coal_IGCC_RC-12095_H2,2038,2038,0.0
Zhejiang-Coal_IGCC_RC-12095_H2,2038,2048,0.0
Zhejiang-Coal_IGCC_RC-12095_H2,2048,2048,0.0
Zhejiang-Commercial_PV-147,2038,2038,0.0
Zhejiang-Commercial_PV-147,2038,2048,0.0
Zhejiang-Commercial_PV-147,2048,2048,0.0
Zhejiang-Commercial_PV-148,2038,2038,0.0
Zhejiang-Commercial_PV-148,2038,2048,0.0
Zhejiang-Commercial_PV-148,2048,2048,0.0
Zhejiang-Commercial_PV-149,2038,2038,0.0
Zhejiang-Commercial_PV-149,2038,2048,0.0
Zhejiang-Commercial_PV-149,2048,2048,0.0
Zhejiang-Commercial_PV-150,2038,2038,0.0
Zhejiang-Commercial_PV-150,2038,2048,0.0
Zhejiang-Commercial_PV-150,2048,2048,0.0
Zhejiang-Commercial_PV-151,2038,2038,0.0
Zhejiang-Commercial_PV-151,2038,2048,0.0
Zhejiang-Commercial_PV-151,2048,2048,0.0
Zhejiang-EP_Coal_1000_RC-ep-1022,2009,2038,0.0
Zhejiang-EP_Coal_1000_RC-ep-1022,2009,2048,0.0
Zhejiang-EP_Coal_1000_RC-ep-1023,2009,2038,0.0
Zhejiang-EP_Coal_1000_RC-ep-1023,2009,2048,0.0
Zhejiang-EP_Coal_1000_SEA-ep-1020,2011,2038,0.0
Zhejiang-EP_Coal_1000_SEA-ep-1020,2011,2048,0.0
Zhejiang-EP_Coal_1000_SEA-ep-1021,2011,2038,0.0
Zhejiang-EP_Coal_1000_SEA-ep-1021,2011,2048,0.0
Zhejiang-EP_Coal_1000_SEA-ep-1024,2009,2038,0.0
Zhejiang-EP_Coal_1000_SEA-ep-1024,2009,2048,0.0
Zhejiang-EP_Coal_1000_SEA-ep-1025,2008,2038,0.0
Zhejiang-EP_Coal_1000_SEA-ep-1026,2015,2038,0.0
Zhejiang-EP_Coal_1000_SEA-ep-1026,2015,2048,0.0
Zhejiang-EP_Coal_1000_SEA-ep-1027,2015,2038,0.0
Zhejiang-EP_Coal_1000_SEA-ep-1027,2015,2048,0.0
Zhejiang-EP_Coal_1000_SEA-ep-1028,2014,2038,0.0
Zhejiang-EP_Coal_1000_SEA-ep-1028,2014,2048,0.0
Zhejiang-EP_Coal_1000_SEA-ep-1029,2014,2038,0.0
Zhejiang-EP_Coal_1000_SEA-ep-1029,2014,2048,0.0
Zhejiang-EP_Coal_1000_SEA-ep-1030,2007,2038,0.0
Zhejiang-EP_Coal_1000_SEA-ep-1031,2007,2038,0.0
Zhejiang-EP_Coal_1000_SEA-ep-1032,2006,2038,0.0
Zhejiang-EP_Coal_1000_SEA-ep-1033,2006,2038,0.0
Zhejiang-EP_Coal_1000_SEA-ep-1034,2014,2038,0.0
Zhejiang-EP_Coal_1000_SEA-ep-1034,2014,2048,0.0
Zhejiang-EP_Coal_1000_SEA-ep-1035,2014,2038,0.0
Zhejiang-EP_Coal_1000_SEA-ep-1035,2014,2048,0.0
Zhejiang-EP_Coal_1000_SEA-ep-3087,2016,2038,0.0
Zhejiang-EP_Coal_1000_SEA-ep-3087,2016,2048,0.0
Zhejiang-EP_Coal_1000_SEA-ep-3088,2016,2038,0.0
Zhejiang-EP_Coal_1000_SEA-ep-3088,2016,2048,0.0
Zhejiang-EP_Coal_300_OT-ep-1104,2007,2038,0.0
Zhejiang-EP_Coal_300_OT-ep-1105,2008,2038,0.0
Zhejiang-EP_Coal_300_RC-ep-1097,2006,2038,0.0
Zhejiang-EP_Coal_300_RC-ep-1098,2005,2038,0.0
Zhejiang-EP_Coal_300_RC-ep-1101,2011,2038,0.0
Zhejiang-EP_Coal_300_RC-ep-1102,2011,2038,0.0
Zhejiang-EP_Coal_300_SEA-ep-1086,2014,2038,0.0
Zhejiang-EP_Coal_300_SEA-ep-1086,2014,2048,0.0
Zhejiang-EP_Coal_300_SEA-ep-1095,2005,2038,0.0
Zhejiang-EP_Coal_300_SEA-ep-1103,2010,2038,0.0
Zhejiang-EP_Coal_300_SEA-ep-1107,2005,2038,0.0
Zhejiang-EP_Coal_600_RC-ep-1038,2014,2038,0.0
Zhejiang-EP_Coal_600_RC-ep-1038,2014,2048,0.0
Zhejiang-EP_Coal_600_RC-ep-1039,2014,2038,0.0
Zhejiang-EP_Coal_600_RC-ep-1039,2014,2048,0.0
Zhejiang-EP_Coal_600_RC-ep-1048,2007,2038,0.0
Zhejiang-EP_Coal_600_RC-ep-1049,2006,2038,0.0
Zhejiang-EP_Coal_600_RC-ep-1050,2006,2038,0.0
Zhejiang-EP_Coal_600_RC-ep-1051,2006,2038,0.0
Zhejiang-EP_Coal_600_SEA-ep-1040,2015,2038,0.0
Zhejiang-EP_Coal_600_SEA-ep-1040,2015,2048,0.0
Zhejiang-EP_Coal_600_SEA-ep-1041,2015,2038,0.0
Zhejiang-EP_Coal_600_SEA-ep-1041,2015,2048,0.0
Zhejiang-EP_Coal_600_SEA-ep-1042,2010,2038,0.0
Zhejiang-EP_Coal_600_SEA-ep-1042,2010,2048,0.0
Zhejiang-EP_Coal_600_SEA-ep-1043,2010,2038,0.0
Zhejiang-EP_Coal_600_SEA-ep-1043,2010,2048,0.0
Zhejiang-EP_Coal_600_SEA-ep-1044,2005,2038,0.0
Zhejiang-EP_Coal_600_SEA-ep-1045,2005,2038,0.0
Zhejiang-EP_Coal_600_SEA-ep-1046,2004,2038,0.0
Zhejiang-EP_Coal_600_SEA-ep-1047,2004,2038,0.0
Zhejiang-EP_Coal_600_SEA-ep-1054,2006,2038,0.0
Zhejiang-EP_Coal_600_SEA-ep-1055,2006,2038,0.0
Zhejiang-EP_Coal_600_SEA-ep-1056,2006,2038,0.0
Zhejiang-EP_Coal_600_SEA-ep-1057,2006,2038,0.0
Zhejiang-EP_Coal_600_SEA-ep-1058,2006,2038,0.0
Zhejiang-EP_Coal_600_SEA-ep-1059,2006,2038,0.0
Zhejiang-EP_Coal_600_SEA-ep-1060,2005,2038,0.0
Zhejiang-EP_Coal_600_SEA-ep-1061,2006,2038,0.0
Zhejiang-EP_Coal_600_SEA-ep-1062,2000,2038,0.0
Zhejiang-EP_Coal_600_SEA-ep-1063,2000,2038,0.0
Zhejiang-EP_Coal_600_SEA-ep-1064,2000,2038,0.0
Zhejiang-EP_Coal_600_SEA-ep-1065,2008,2038,0.0
Zhejiang-EP_Coal_600_SEA-ep-1066,2008,2038,0.0
Zhejiang-EP_Coal_600_SEA-ep-3089,2016,2038,0.0
Zhejiang-EP_Coal_600_SEA-ep-3089,2016,2048,0.0
Zhejiang-EP_Coal_600_SEA-ep-3090,2016,2038,0.0
Zhejiang-EP_Coal_600_SEA-ep-3090,2016,2048,0.0
Zhejiang-Gas_CCGT_OT-12069,2038,2038,0.0
Zhejiang-Gas_CCGT_OT-12069,2038,2048,0.0
Zhejiang-Gas_CCGT_OT-12069,2048,2048,0.0
Zhejiang-Gas_CCGT_RC-12043,2038,2038,0.0
Zhejiang-Gas_CCGT_RC-12043,2038,2048,0.0
Zhejiang-Gas_CCGT_RC-12043,2048,2048,0.0
Zhejiang-Gas_CCGT_RC-12053,2038,2038,0.0
Zhejiang-Gas_CCGT_RC-12053,2038,2048,0.0
Zhejiang-Gas_CCGT_RC-12053,2048,2048,0.0
Zhejiang-Gas_CCGT_RC-12079,2038,2038,0.0
Zhejiang-Gas_CCGT_RC-12079,2038,2048,0.0
Zhejiang-Gas_CCGT_RC-12079,2048,2048,0.0
Zhejiang-Gas_CCGT_RC-12097,2038,2038,0.0
Zhejiang-Gas_CCGT_RC-12097,2038,2048,0.0
Zhejiang-Gas_CCGT_RC-12097,2048,2048,0.0
Zhejiang-Gas_CCGT_SEA-12061,2038,2038,0.0
Zhejiang-Gas_CCGT_SEA-12061,2038,2048,0.0
Zhejiang-Gas_CCGT_SEA-12061,2048,2048,0.0
Zhejiang-Gas_CCGT_SEA-12087,2038,2038,0.0
Zhejiang-Gas_CCGT_SEA-12087,2038,2048,0.0
Zhejiang-Gas_CCGT_SEA-12087,2048,2048,0.0
Zhejiang-Gas_CCGT_SEA-12105,2038,2038,0.0
Zhejiang-Gas_CCGT_SEA-12105,2038,2048,0.0
Zhejiang-Gas_CCGT_SEA-12105,2048,2048,0.0
Zhejiang-Gas_Combustion_Turbine_RC-13175,2038,2038,0.0
Zhejiang-Gas_Combustion_Turbine_RC-13175,2038,2048,0.0
Zhejiang-Gas_Combustion_Turbine_RC-13175,2048,2048,0.0
Zhejiang-Hydro_NonPumped-ep-30031,1981,2038,0.0
Zhejiang-Hydro_NonPumped-ep-30031,1981,2048,0.0
Zhejiang-Hydro_NonPumped-ep-30062,1982,2038,0.0
Zhejiang-Hydro_NonPumped-ep-30062,1982,2048,0.0
Zhejiang-Hydro_NonPumped-ep-30093,1983,2038,0.0
Zhejiang-Hydro_NonPumped-ep-30093,1983,2048,0.0
Zhejiang-Hydro_NonPumped-ep-30124,1984,2038,0.0
Zhejiang-Hydro_NonPumped-ep-30124,1984,2048,0.0
Zhejiang-Hydro_NonPumped-ep-30155,1985,2038,0.0
Zhejiang-Hydro_NonPumped-ep-30155,1985,2048,0.0
Zhejiang-Hydro_NonPumped-ep-30186,1986,2038,0.0
Zhejiang-Hydro_NonPumped-ep-30186,1986,2048,0.0
Zhejiang-Hydro_NonPumped-ep-30217,1987,2038,0.0
Zhejiang-Hydro_NonPumped-ep-30217,1987,2048,0.0
Zhejiang-Hydro_NonPumped-ep-30248,1988,2038,0.0
Zhejiang-Hydro_NonPumped-ep-30248,1988,2048,0.0
Zhejiang-Hydro_NonPumped-ep-30279,1989,2038,0.0
Zhejiang-Hydro_NonPumped-ep-30279,1989,2048,0.0
Zhejiang-Hydro_NonPumped-ep-30310,1990,2038,0.0
Zhejiang-Hydro_NonPumped-ep-30310,1990,2048,0.0
Zhejiang-Hydro_NonPumped-ep-30341,1991,2038,0.0
Zhejiang-Hydro_NonPumped-ep-30341,1991,2048,0.0
Zhejiang-Hydro_NonPumped-ep-30372,1992,2038,0.0
Zhejiang-Hydro_NonPumped-ep-30372,1992,2048,0.0
Zhejiang-Hydro_NonPumped-ep-30403,1993,2038,0.0
Zhejiang-Hydro_NonPumped-ep-30403,1993,2048,0.0
Zhejiang-Hydro_NonPumped-ep-30434,1994,2038,0.0
Zhejiang-Hydro_NonPumped-ep-30434,1994,2048,0.0
Zhejiang-Hydro_NonPumped-ep-30465,1995,2038,0.0
Zhejiang-Hydro_NonPumped-ep-30465,1995,2048,0.0
Zhejiang-Hydro_NonPumped-ep-30496,1996,2038,0.0
Zhejiang-Hydro_NonPumped-ep-30496,1996,2048,0.0
Zhejiang-Hydro_NonPumped-ep-30527,1997,2038,0.0
Zhejiang-Hydro_NonPumped-ep-30527,1997,2048,0.0
Zhejiang-Hydro_NonPumped-ep-30558,1998,2038,0.0
Zhejiang-Hydro_NonPumped-ep-30558,1998,2048,0.0
Zhejiang-Hydro_NonPumped-ep-30581,1999,2038,0.0
Zhejiang-Hydro_NonPumped-ep-30581,1999,2048,0.0
Zhejiang-Hydro_NonPumped-ep-30604,2000,2038,0.0
Zhejiang-Hydro_NonPumped-ep-30604,2000,2048,0.0
Zhejiang-Hydro_NonPumped-ep-30627,2001,2038,0.0
Zhejiang-Hydro_NonPumped-ep-30627,2001,2048,0.0
Zhejiang-Hydro_NonPumped-ep-30650,2002,2038,0.0
Zhejiang-Hydro_NonPumped-ep-30650,2002,2048,0.0
Zhejiang-Hydro_NonPumped-ep-30673,2003,2038,0.0
Zhejiang-Hydro_NonPumped-ep-30673,2003,2048,0.0
Zhejiang-Hydro_NonPumped-ep-30693,2004,2038,0.0
Zhejiang-Hydro_NonPumped-ep-30693,2004,2048,0.0
Zhejiang-Hydro_NonPumped-ep-30716,2009,2038,0.0
Zhejiang-Hydro_NonPumped-ep-30716,2009,2048,0.0
Zhejiang-Hydro_NonPumped-ep-30744,2005,2038,0.0
Zhejiang-Hydro_NonPumped-ep-30744,2005,2048,0.0
Zhejiang-Hydro_NonPumped-ep-30767,2006,2038,0.0
Zhejiang-Hydro_NonPumped-ep-30767,2006,2048,0.0
Zhejiang-Hydro_NonPumped-ep-30791,2007,2038,0.0
Zhejiang-Hydro_NonPumped-ep-30791,2007,2048,0.0
Zhejiang-Hydro_NonPumped-ep-30811,2008,2038,0.0
Zhejiang-Hydro_NonPumped-ep-30811,2008,2048,0.0
Zhejiang-Hydro_NonPumped-ep-30856,2010,2038,0.0
Zhejiang-Hydro_NonPumped-ep-30856,2010,2048,0.0
Zhejiang-Hydro_NonPumped-ep-30865,2011,2038,0.0
Zhejiang-Hydro_NonPumped-ep-30865,2011,2048,0.0
Zhejiang-Hydro_NonPumped-ep-30933,2012,2038,0.0
Zhejiang-Hydro_NonPumped-ep-30933,2012,2048,0.0
Zhejiang-Hydro_NonPumped-ep-30967,2017,2038,0.0
Zhejiang-Hydro_NonPumped-ep-30967,2017,2048,0.0
Zhejiang-Hydro_NonPumped-ep-30974,2013,2038,0.0
Zhejiang-Hydro_NonPumped-ep-30974,2013,2048,0.0
Zhejiang-Hydro_NonPumped-ep-30985,2014,2038,0.0
Zhejiang-Hydro_NonPumped-ep-30985,2014,2048,0.0
Zhejiang-Hydro_NonPumped-ep-30989,2015,2038,0.0
Zhejiang-Hydro_NonPumped-ep-30989,2015,2048,0.0
Zhejiang-Hydro_NonPumped-ep-30992,2016,2038,0.0
Zhejiang-Hydro_NonPumped-ep-30992,2016,2048,0.0
Zhejiang-Hydro_Pumped-ep-35006,2010,2038,279.5611604780927
Zhejiang-Hydro_Pumped-ep-35006,2010,2048,0.0
Zhejiang-Hydro_Pumped-ep-35017,1998,2038,34.80429642267598
Zhejiang-Hydro_Pumped-ep-35017,1998,2048,0.0
Zhejiang-Hydro_Pumped-ep-35018,2000,2038,783.0966695102107
Zhejiang-Hydro_Pumped-ep-35018,2000,2048,0.0
Zhejiang-Hydro_Pumped-ep-35023,2006,2038,522.0644463401396
Zhejiang-Hydro_Pumped-ep-35023,2006,2048,0.0
Zhejiang-Hydro_Pumped-ep-35038,2020,2038,913.6127810952449
Zhejiang-Hydro_Pumped-ep-35038,2020,2048,0.0
Zhejiang-Hydro_Pumped-ep-35054,2016,2038,652.5805579251765
Zhejiang-Hydro_Pumped-ep-35054,2016,2048,0.0
Zhejiang-Nuclear_EP_SEA-ep-3092,2020,2038,0.0
Zhejiang-Nuclear_EP_SEA-ep-3092,2020,2048,0.0
Zhejiang-Nuclear_EP_SEA-ep-60006,2002,2038,0.0
Zhejiang-Nuclear_EP_SEA-ep-60007,2004,2038,0.0
Zhejiang-Nuclear_EP_SEA-ep-60008,2010,2038,0.0
Zhejiang-Nuclear_EP_SEA-ep-60008,2010,2048,0.0
Zhejiang-Nuclear_EP_SEA-ep-60009,2012,2038,0.0
Zhejiang-Nuclear_EP_SEA-ep-60009,2012,2048,0.0
Zhejiang-Nuclear_EP_SEA-ep-60010,2002,2038,0.0
Zhejiang-Nuclear_EP_SEA-ep-60011,2003,2038,0.0
Zhejiang-Nuclear_EP_SEA-ep-60027,2014,2038,0.0
Zhejiang-Nuclear_EP_SEA-ep-60027,2014,2048,0.0
Zhejiang-Nuclear_EP_SEA-ep-60028,2014,2038,0.0
Zhejiang-Nuclear_EP_SEA-ep-60028,2014,2048,0.0
Zhejiang-Nuclear_EP_SEA-ep-60033,2014,2038,0.0
Zhejiang-Nuclear_EP_SEA-ep-60033,2014,2048,0.0
Zhejiang-Nuclear_SEA-13131,2038,2038,0.0
Zhejiang-Nuclear_SEA-13131,2038,2048,0.0
Zhejiang-Nuclear_SEA-13131,2048,2048,0.0
Zhejiang-Nuclear_SEA-13176,2038,2038,0.0
Zhejiang-Nuclear_SEA-13176,2038,2048,0.0
Zhejiang-Nuclear_SEA-13176,2048,2048,0.0
Zhejiang-Nuclear_SMR-13174,2038,2038,0.0
Zhejiang-Nuclear_SMR-13174,2038,2048,0.0
Zhejiang-Nuclear_SMR-13174,2048,2048,0.0
Zhejiang-Offshore_Wind-13169,2038,2038,0.0
Zhejiang-Offshore_Wind-13169,2038,2048,0.0
Zhejiang-Offshore_Wind-13169,2048,2048,0.0
Zhejiang-Residential_PV-347,2038,2038,0.0
Zhejiang-Residential_PV-347,2038,2048,0.0
Zhejiang-Residential_PV-347,2048,2048,0.0
Zhejiang-Residential_PV-348,2038,2038,0.0
Zhejiang-Residential_PV-348,2038,2048,0.0
Zhejiang-Residential_PV-348,2048,2048,0.0
Zhejiang-Residential_PV-349,2038,2038,0.0
Zhejiang-Residential_PV-349,2038,2048,0.0
Zhejiang-Residential_PV-349,2048,2048,0.0
Zhejiang-Residential_PV-350,2038,2038,0.0
Zhejiang-Residential_PV-350,2038,2048,0.0
Zhejiang-Residential_PV-350,2048,2048,0.0
Zhejiang-Residential_PV-351,2038,2038,0.0
Zhejiang-Residential_PV-351,2038,2048,0.0
Zhejiang-Residential_PV-351,2048,2048,0.0
Zhejiang-Wind-1048,2038,2038,0.0
Zhejiang-Wind-1048,2038,2048,0.0
Zhejiang-Wind-1048,2048,2048,0.0
Zhejiang-Wind-1051,2038,2038,0.0
Zhejiang-Wind-1051,2038,2048,0.0
Zhejiang-Wind-1051,2048,2048,0.0
Zhejiang-Wind-1053,2038,2038,0.0
Zhejiang-Wind-1053,2038,2048,0.0
Zhejiang-Wind-1053,2048,2048,0.0
Zhejiang-Wind-1054,2038,2038,0.0
Zhejiang-Wind-1054,2038,2048,0.0
Zhejiang-Wind-1054,2048,2048,0.0
Zhejiang-Wind-1056,2038,2038,0.0
Zhejiang-Wind-1056,2038,2048,0.0
Zhejiang-Wind-1056,2048,2048,0.0
Zhejiang-Wind-1059,2038,2038,0.0
Zhejiang-Wind-1059,2038,2048,0.0
Zhejiang-Wind-1059,2048,2048,0.0
Zhejiang-Wind-1061,2038,2038,0.0
Zhejiang-Wind-1061,2038,2048,0.0
Zhejiang-Wind-1061,2048,2048,0.0
Zhejiang-Wind-1065,2038,2038,0.0
Zhejiang-Wind-1065,2038,2048,0.0
Zhejiang-Wind-1065,2048,2048,0.0
Zhejiang-Wind-1067,2038,2038,0.0
Zhejiang-Wind-1067,2038,2048,0.0
Zhejiang-Wind-1067,2048,2048,0.0
Zhejiang-Wind-1157,2038,2038,0.0
Zhejiang-Wind-1157,2038,2048,0.0
Zhejiang-Wind-1157,2048,2048,0.0
Zhejiang-Wind_EP-ep-40062,2009,2038,0.0
Zhejiang-Wind_EP-ep-40068,2010,2038,0.0
Zhejiang-Wind_EP-ep-40077,2011,2038,0.0
Zhejiang-Wind_EP-ep-40102,2012,2038,0.0
Zhejiang-Wind_EP-ep-40130,2013,2038,0.0
Zhejiang-Wind_EP-ep-40159,2014,2038,0.0
Zhejiang-Wind_EP-ep-40185,2015,2038,0.0
Zhejiang-Wind_EP-ep-40213,2016,2038,0.0
Zhejiang-Wind_EP-ep-40237,2017,2038,0.0
Zhejiang_Fuel_Cell,2038,2038,0.0
Zhejiang_Fuel_Cell,2038,2048,0.0
Zhejiang_Fuel_Cell,2048,2048,0.0
