SetProduct_OrderedSet_1,SetProduct_OrderedSet_2,ShiftDemand
Anhui,2040.06.26.00,-0.0
Anhui,2040.06.26.04,-0.0
Anhui,2040.06.26.08,-0.0
Anhui,2040.06.26.12,-0.0
Anhui,2040.06.26.16,-0.0
Anhui,2040.06.26.20,-0.0
Anhui,2040.12.19.00,-0.0
Anhui,2040.12.19.04,-0.0
Anhui,2040.12.19.08,-0.0
Anhui,2040.12.19.12,-0.0
Anhui,2040.12.19.16,-0.0
Anhui,2040.12.19.20,-0.0
Anhui,2050.06.12.00,-0.0
Anhui,2050.06.12.04,-0.0
Anhui,2050.06.12.08,-0.0
Anhui,2050.06.12.12,-0.0
Anhui,2050.06.12.16,-0.0
Anhui,2050.06.12.20,-0.0
Anhui,2050.12.12.00,-0.0
Anhui,2050.12.12.04,-0.0
Anhui,2050.12.12.08,-0.0
Anhui,2050.12.12.12,-0.0
Anhui,2050.12.12.16,-0.0
Anhui,2050.12.12.20,-0.0
Fujian,2040.06.26.00,-0.0
Fujian,2040.06.26.04,-0.0
Fujian,2040.06.26.08,-0.0
Fujian,2040.06.26.12,-0.0
Fujian,2040.06.26.16,-0.0
Fujian,2040.06.26.20,-0.0
Fujian,2040.12.19.00,-0.0
Fujian,2040.12.19.04,-0.0
Fujian,2040.12.19.08,-0.0
Fujian,2040.12.19.12,-0.0
Fujian,2040.12.19.16,-0.0
Fujian,2040.12.19.20,-0.0
Fujian,2050.06.12.00,-0.0
Fujian,2050.06.12.04,-0.0
Fujian,2050.06.12.08,-0.0
Fujian,2050.06.12.12,-0.0
Fujian,2050.06.12.16,-0.0
Fujian,2050.06.12.20,-0.0
Fujian,2050.12.12.00,-0.0
Fujian,2050.12.12.04,-0.0
Fujian,2050.12.12.08,-0.0
Fujian,2050.12.12.12,-0.0
Fujian,2050.12.12.16,-0.0
Fujian,2050.12.12.20,-0.0
Jiangsu,2040.06.26.00,-0.0
Jiangsu,2040.06.26.04,-0.0
Jiangsu,2040.06.26.08,-0.0
Jiangsu,2040.06.26.12,-0.0
Jiangsu,2040.06.26.16,-0.0
Jiangsu,2040.06.26.20,-0.0
Jiangsu,2040.12.19.00,-0.0
Jiangsu,2040.12.19.04,-0.0
Jiangsu,2040.12.19.08,-0.0
Jiangsu,2040.12.19.12,-0.0
Jiangsu,2040.12.19.16,-0.0
Jiangsu,2040.12.19.20,-0.0
Jiangsu,2050.06.12.00,-0.0
Jiangsu,2050.06.12.04,-0.0
Jiangsu,2050.06.12.08,-0.0
Jiangsu,2050.06.12.12,-0.0
Jiangsu,2050.06.12.16,-0.0
Jiangsu,2050.06.12.20,-0.0
Jiangsu,2050.12.12.00,-0.0
Jiangsu,2050.12.12.04,-0.0
Jiangsu,2050.12.12.08,-0.0
Jiangsu,2050.12.12.12,-0.0
Jiangsu,2050.12.12.16,-0.0
Jiangsu,2050.12.12.20,-0.0
Shanghai,2040.06.26.00,-0.0
Shanghai,2040.06.26.04,-0.0
Shanghai,2040.06.26.08,-0.0
Shanghai,2040.06.26.12,-0.0
Shanghai,2040.06.26.16,-0.0
Shanghai,2040.06.26.20,-0.0
Shanghai,2040.12.19.00,-0.0
Shanghai,2040.12.19.04,-0.0
Shanghai,2040.12.19.08,-0.0
Shanghai,2040.12.19.12,-0.0
Shanghai,2040.12.19.16,-0.0
Shanghai,2040.12.19.20,-0.0
Shanghai,2050.06.12.00,-0.0
Shanghai,2050.06.12.04,-0.0
Shanghai,2050.06.12.08,-0.0
Shanghai,2050.06.12.12,-0.0
Shanghai,2050.06.12.16,-0.0
Shanghai,2050.06.12.20,-0.0
Shanghai,2050.12.12.00,-0.0
Shanghai,2050.12.12.04,-0.0
Shanghai,2050.12.12.08,-0.0
Shanghai,2050.12.12.12,-0.0
Shanghai,2050.12.12.16,-0.0
Shanghai,2050.12.12.20,-0.0
Zhejiang,2040.06.26.00,-0.0
Zhejiang,2040.06.26.04,-0.0
Zhejiang,2040.06.26.08,-0.0
Zhejiang,2040.06.26.12,-0.0
Zhejiang,2040.06.26.16,-0.0
Zhejiang,2040.06.26.20,-0.0
Zhejiang,2040.12.19.00,-0.0
Zhejiang,2040.12.19.04,-0.0
Zhejiang,2040.12.19.08,-0.0
Zhejiang,2040.12.19.12,-0.0
Zhejiang,2040.12.19.16,-0.0
Zhejiang,2040.12.19.20,-0.0
Zhejiang,2050.06.12.00,-0.0
Zhejiang,2050.06.12.04,-0.0
Zhejiang,2050.06.12.08,-0.0
Zhejiang,2050.06.12.12,-0.0
Zhejiang,2050.06.12.16,-0.0
Zhejiang,2050.06.12.20,-0.0
Zhejiang,2050.12.12.00,-0.0
Zhejiang,2050.12.12.04,-0.0
Zhejiang,2050.12.12.08,-0.0
Zhejiang,2050.12.12.12,-0.0
Zhejiang,2050.12.12.16,-0.0
Zhejiang,2050.12.12.20,-0.0
